INFO:app.main:Importing AI Change Detection app module
INFO:app.main:Running database initialization
WARNING:  Startup migration skipped: (pymysql.err.OperationalError) (2003, "Can't connect to MySQL server on '49.50.87.20' ([WinError 10061] No connection could be made because the target machine actively refused it)")
(Background on this error at: https://sqlalche.me/e/20/e3q8)
INFO:app.dda.bootstrap:APP_MODE=dda — DDA routes enabled (tree, library, jobs, reports, review, training, admin, local, rbac, dashboard, masters, logs)
INFO:     Started server process [22972]
INFO:     Waiting for application startup.
INFO:app.main:FastAPI startup event completed
WARNING:app.model_inference:AdaptFormer preload skipped: [WinError 126] The specified module could not be found. Error loading "C:\Users\Priyanka\source\repos\Change-Detection-DEV\venv\Lib\site-packages\torch\lib\torch_python.dll" or one of its dependencies.
ERROR:app.dda.auto_detect:Could not reset auto-detect on launch
Traceback (most recent call last):
  File "C:\Users\Priyanka\source\repos\Change-Detection-DEV\venv\Lib\site-packages\pymysql\connections.py", line 682, in connect
    sock = socket.create_connection(
           ^^^^^^^^^^^^^^^^^^^^^^^^^
  File "C:\Users\Priyanka\AppData\Local\Programs\Python\Python311\Lib\socket.py", line 851, in create_connection
    raise exceptions[0]
  File "C:\Users\Priyanka\AppData\Local\Programs\Python\Python311\Lib\socket.py", line 836, in create_connection
    sock.connect(sa)
ConnectionRefusedError: [WinError 10061] No connection could be made because the target machine actively refused it

During handling of the above exception, another exception occurred:

Traceback (most recent call last):
  File "C:\Users\Priyanka\source\repos\Change-Detection-DEV\venv\Lib\site-packages\sqlalchemy\engine\base.py", line 144, in __init__
    self._dbapi_connection = engine.raw_connection()
                             ^^^^^^^^^^^^^^^^^^^^^^^
  File "C:\Users\Priyanka\source\repos\Change-Detection-DEV\venv\Lib\site-packages\sqlalchemy\engine\base.py", line 3319, in raw_connection
    return self.pool.connect()
           ^^^^^^^^^^^^^^^^^^^
  File "C:\Users\Priyanka\source\repos\Change-Detection-DEV\venv\Lib\site-packages\sqlalchemy\pool\base.py", line 448, in connect
    return _ConnectionFairy._checkout(self)
           ^^^^^^^^^^^^^^^^^^^^^^^^^^^^^^^^
  File "C:\Users\Priyanka\source\repos\Change-Detection-DEV\venv\Lib\site-packages\sqlalchemy\pool\base.py", line 1272, in _checkout
    fairy = _ConnectionRecord.checkout(pool)
            ^^^^^^^^^^^^^^^^^^^^^^^^^^^^^^^^
  File "C:\Users\Priyanka\source\repos\Change-Detection-DEV\venv\Lib\site-packages\sqlalchemy\pool\base.py", line 712, in checkout
    rec = pool._do_get()
          ^^^^^^^^^^^^^^
  File "C:\Users\Priyanka\source\repos\Change-Detection-DEV\venv\Lib\site-packages\sqlalchemy\pool\impl.py", line 178, in _do_get
    with util.safe_reraise():
  File "C:\Users\Priyanka\source\repos\Change-Detection-DEV\venv\Lib\site-packages\sqlalchemy\util\langhelpers.py", line 122, in __exit__
    raise exc_value.with_traceback(exc_tb)
  File "C:\Users\Priyanka\source\repos\Change-Detection-DEV\venv\Lib\site-packages\sqlalchemy\pool\impl.py", line 176, in _do_get
    return self._create_connection()
           ^^^^^^^^^^^^^^^^^^^^^^^^^
  File "C:\Users\Priyanka\source\repos\Change-Detection-DEV\venv\Lib\site-packages\sqlalchemy\pool\base.py", line 389, in _create_connection
    return _ConnectionRecord(self)
           ^^^^^^^^^^^^^^^^^^^^^^^
  File "C:\Users\Priyanka\source\repos\Change-Detection-DEV\venv\Lib\site-packages\sqlalchemy\pool\base.py", line 674, in __init__
    self.__connect()
  File "C:\Users\Priyanka\source\repos\Change-Detection-DEV\venv\Lib\site-packages\sqlalchemy\pool\base.py", line 900, in __connect
    with util.safe_reraise():
  File "C:\Users\Priyanka\source\repos\Change-Detection-DEV\venv\Lib\site-packages\sqlalchemy\util\langhelpers.py", line 122, in __exit__
    raise exc_value.with_traceback(exc_tb)
  File "C:\Users\Priyanka\source\repos\Change-Detection-DEV\venv\Lib\site-packages\sqlalchemy\pool\base.py", line 896, in __connect
    self.dbapi_connection = connection = pool._invoke_creator(self)
                                         ^^^^^^^^^^^^^^^^^^^^^^^^^^
  File "C:\Users\Priyanka\source\repos\Change-Detection-DEV\venv\Lib\site-packages\sqlalchemy\engine\create.py", line 667, in connect
    return dialect.connect(*cargs_tup, **cparams)
           ^^^^^^^^^^^^^^^^^^^^^^^^^^^^^^^^^^^^^^
  File "C:\Users\Priyanka\source\repos\Change-Detection-DEV\venv\Lib\site-packages\sqlalchemy\engine\default.py", line 630, in connect
    return self.loaded_dbapi.connect(*cargs, **cparams)  # type: ignore[no-any-return]  # NOQA: E501
           ^^^^^^^^^^^^^^^^^^^^^^^^^^^^^^^^^^^^^^^^^^^^
  File "C:\Users\Priyanka\source\repos\Change-Detection-DEV\venv\Lib\site-packages\pymysql\connections.py", line 372, in __init__
    self.connect()
  File "C:\Users\Priyanka\source\repos\Change-Detection-DEV\venv\Lib\site-packages\pymysql\connections.py", line 744, in connect
    raise exc
pymysql.err.OperationalError: (2003, "Can't connect to MySQL server on '49.50.87.20' ([WinError 10061] No connection could be made because the target machine actively refused it)")

The above exception was the direct cause of the following exception:

Traceback (most recent call last):
  File "C:\Users\Priyanka\source\repos\Change-Detection-DEV\app\dda\auto_detect.py", line 585, in reset_schedule_on_process_start
    settings = get_or_create_settings(db)
               ^^^^^^^^^^^^^^^^^^^^^^^^^^
  File "C:\Users\Priyanka\source\repos\Change-Detection-DEV\app\dda\auto_detect.py", line 72, in get_or_create_settings
    row = db.query(AutoDetectSettings).filter(AutoDetectSettings.id == 1).first()
          ^^^^^^^^^^^^^^^^^^^^^^^^^^^^^^^^^^^^^^^^^^^^^^^^^^^^^^^^^^^^^^^^^^^^^^^
  File "C:\Users\Priyanka\source\repos\Change-Detection-DEV\venv\Lib\site-packages\sqlalchemy\orm\query.py", line 2766, in first
    return self.limit(1)._iter().first()  # type: ignore
           ^^^^^^^^^^^^^^^^^^^^^
  File "C:\Users\Priyanka\source\repos\Change-Detection-DEV\venv\Lib\site-packages\sqlalchemy\orm\query.py", line 2864, in _iter
    result: Union[ScalarResult[_T], Result[_T]] = self.session.execute(
                                                  ^^^^^^^^^^^^^^^^^^^^^
  File "C:\Users\Priyanka\source\repos\Change-Detection-DEV\venv\Lib\site-packages\sqlalchemy\orm\session.py", line 2373, in execute
    return self._execute_internal(
           ^^^^^^^^^^^^^^^^^^^^^^^
  File "C:\Users\Priyanka\source\repos\Change-Detection-DEV\venv\Lib\site-packages\sqlalchemy\orm\session.py", line 2261, in _execute_internal
    conn = self._connection_for_bind(bind)
           ^^^^^^^^^^^^^^^^^^^^^^^^^^^^^^^
  File "C:\Users\Priyanka\source\repos\Change-Detection-DEV\venv\Lib\site-packages\sqlalchemy\orm\session.py", line 2113, in _connection_for_bind
    return trans._connection_for_bind(engine, execution_options)
           ^^^^^^^^^^^^^^^^^^^^^^^^^^^^^^^^^^^^^^^^^^^^^^^^^^^^^
  File "<string>", line 2, in _connection_for_bind
  File "C:\Users\Priyanka\source\repos\Change-Detection-DEV\venv\Lib\site-packages\sqlalchemy\orm\state_changes.py", line 137, in _go
    ret_value = fn(self, *arg, **kw)
                ^^^^^^^^^^^^^^^^^^^^
  File "C:\Users\Priyanka\source\repos\Change-Detection-DEV\venv\Lib\site-packages\sqlalchemy\orm\session.py", line 1191, in _connection_for_bind
    conn = bind.connect()
           ^^^^^^^^^^^^^^
  File "C:\Users\Priyanka\source\repos\Change-Detection-DEV\venv\Lib\site-packages\sqlalchemy\engine\base.py", line 3295, in connect
    return self._connection_cls(self)
           ^^^^^^^^^^^^^^^^^^^^^^^^^^
  File "C:\Users\Priyanka\source\repos\Change-Detection-DEV\venv\Lib\site-packages\sqlalchemy\engine\base.py", line 146, in __init__
    Connection._handle_dbapi_exception_noconnection(
  File "C:\Users\Priyanka\source\repos\Change-Detection-DEV\venv\Lib\site-packages\sqlalchemy\engine\base.py", line 2450, in _handle_dbapi_exception_noconnection
    raise sqlalchemy_exception.with_traceback(exc_info[2]) from e
  File "C:\Users\Priyanka\source\repos\Change-Detection-DEV\venv\Lib\site-packages\sqlalchemy\engine\base.py", line 144, in __init__
    self._dbapi_connection = engine.raw_connection()
                             ^^^^^^^^^^^^^^^^^^^^^^^
  File "C:\Users\Priyanka\source\repos\Change-Detection-DEV\venv\Lib\site-packages\sqlalchemy\engine\base.py", line 3319, in raw_connection
    return self.pool.connect()
           ^^^^^^^^^^^^^^^^^^^
  File "C:\Users\Priyanka\source\repos\Change-Detection-DEV\venv\Lib\site-packages\sqlalchemy\pool\base.py", line 448, in connect
    return _ConnectionFairy._checkout(self)
           ^^^^^^^^^^^^^^^^^^^^^^^^^^^^^^^^
  File "C:\Users\Priyanka\source\repos\Change-Detection-DEV\venv\Lib\site-packages\sqlalchemy\pool\base.py", line 1272, in _checkout
    fairy = _ConnectionRecord.checkout(pool)
            ^^^^^^^^^^^^^^^^^^^^^^^^^^^^^^^^
  File "C:\Users\Priyanka\source\repos\Change-Detection-DEV\venv\Lib\site-packages\sqlalchemy\pool\base.py", line 712, in checkout
    rec = pool._do_get()
          ^^^^^^^^^^^^^^
  File "C:\Users\Priyanka\source\repos\Change-Detection-DEV\venv\Lib\site-packages\sqlalchemy\pool\impl.py", line 178, in _do_get
    with util.safe_reraise():
  File "C:\Users\Priyanka\source\repos\Change-Detection-DEV\venv\Lib\site-packages\sqlalchemy\util\langhelpers.py", line 122, in __exit__
    raise exc_value.with_traceback(exc_tb)
  File "C:\Users\Priyanka\source\repos\Change-Detection-DEV\venv\Lib\site-packages\sqlalchemy\pool\impl.py", line 176, in _do_get
    return self._create_connection()
           ^^^^^^^^^^^^^^^^^^^^^^^^^
  File "C:\Users\Priyanka\source\repos\Change-Detection-DEV\venv\Lib\site-packages\sqlalchemy\pool\base.py", line 389, in _create_connection
    return _ConnectionRecord(self)
           ^^^^^^^^^^^^^^^^^^^^^^^
  File "C:\Users\Priyanka\source\repos\Change-Detection-DEV\venv\Lib\site-packages\sqlalchemy\pool\base.py", line 674, in __init__
    self.__connect()
  File "C:\Users\Priyanka\source\repos\Change-Detection-DEV\venv\Lib\site-packages\sqlalchemy\pool\base.py", line 900, in __connect
    with util.safe_reraise():
  File "C:\Users\Priyanka\source\repos\Change-Detection-DEV\venv\Lib\site-packages\sqlalchemy\util\langhelpers.py", line 122, in __exit__
    raise exc_value.with_traceback(exc_tb)
  File "C:\Users\Priyanka\source\repos\Change-Detection-DEV\venv\Lib\site-packages\sqlalchemy\pool\base.py", line 896, in __connect
    self.dbapi_connection = connection = pool._invoke_creator(self)
                                         ^^^^^^^^^^^^^^^^^^^^^^^^^^
  File "C:\Users\Priyanka\source\repos\Change-Detection-DEV\venv\Lib\site-packages\sqlalchemy\engine\create.py", line 667, in connect
    return dialect.connect(*cargs_tup, **cparams)
           ^^^^^^^^^^^^^^^^^^^^^^^^^^^^^^^^^^^^^^
  File "C:\Users\Priyanka\source\repos\Change-Detection-DEV\venv\Lib\site-packages\sqlalchemy\engine\default.py", line 630, in connect
    return self.loaded_dbapi.connect(*cargs, **cparams)  # type: ignore[no-any-return]  # NOQA: E501
           ^^^^^^^^^^^^^^^^^^^^^^^^^^^^^^^^^^^^^^^^^^^^
  File "C:\Users\Priyanka\source\repos\Change-Detection-DEV\venv\Lib\site-packages\pymysql\connections.py", line 372, in __init__
    self.connect()
  File "C:\Users\Priyanka\source\repos\Change-Detection-DEV\venv\Lib\site-packages\pymysql\connections.py", line 744, in connect
    raise exc
sqlalchemy.exc.OperationalError: (pymysql.err.OperationalError) (2003, "Can't connect to MySQL server on '49.50.87.20' ([WinError 10061] No connection could be made because the target machine actively refused it)")
(Background on this error at: https://sqlalche.me/e/20/e3q8)
INFO:app.dda.auto_detect:Automatic detection is idle. Set interval/time on the Automatic tab and click Start.
INFO:     Application startup complete.
INFO:     Uvicorn running on http://127.0.0.1:8000 (Press CTRL+C to quit)
ERROR:    Exception in ASGI application
Traceback (most recent call last):
  File "C:\Users\Priyanka\source\repos\Change-Detection-DEV\venv\Lib\site-packages\sqlalchemy\engine\base.py", line 1969, in _exec_single_context
    self.dialect.do_execute(
  File "C:\Users\Priyanka\source\repos\Change-Detection-DEV\venv\Lib\site-packages\sqlalchemy\engine\default.py", line 952, in do_execute
    cursor.execute(statement, parameters)
  File "C:\Users\Priyanka\source\repos\Change-Detection-DEV\venv\Lib\site-packages\pymysql\cursors.py", line 159, in execute
    result = self._query(query)
             ^^^^^^^^^^^^^^^^^^
  File "C:\Users\Priyanka\source\repos\Change-Detection-DEV\venv\Lib\site-packages\pymysql\cursors.py", line 330, in _query
    conn.query(q)
  File "C:\Users\Priyanka\source\repos\Change-Detection-DEV\venv\Lib\site-packages\pymysql\connections.py", line 582, in query
    self._affected_rows = self._read_query_result(unbuffered=unbuffered)
                          ^^^^^^^^^^^^^^^^^^^^^^^^^^^^^^^^^^^^^^^^^^^^^^
  File "C:\Users\Priyanka\source\repos\Change-Detection-DEV\venv\Lib\site-packages\pymysql\connections.py", line 847, in _read_query_result
    result.read()
  File "C:\Users\Priyanka\source\repos\Change-Detection-DEV\venv\Lib\site-packages\pymysql\connections.py", line 1245, in read
    first_packet = self.connection._read_packet()
                   ^^^^^^^^^^^^^^^^^^^^^^^^^^^^^^
  File "C:\Users\Priyanka\source\repos\Change-Detection-DEV\venv\Lib\site-packages\pymysql\connections.py", line 772, in _read_packet
    packet_header = self._read_bytes(4)
                    ^^^^^^^^^^^^^^^^^^^
  File "C:\Users\Priyanka\source\repos\Change-Detection-DEV\venv\Lib\site-packages\pymysql\connections.py", line 826, in _read_bytes
    raise err.OperationalError(
pymysql.err.OperationalError: (2013, 'Lost connection to MySQL server during query')

The above exception was the direct cause of the following exception:

Traceback (most recent call last):
  File "C:\Users\Priyanka\source\repos\Change-Detection-DEV\venv\Lib\site-packages\uvicorn\protocols\http\httptools_impl.py", line 422, in run_asgi
    result = await app(  # type: ignore[func-returns-value]
             ^^^^^^^^^^^^^^^^^^^^^^^^^^^^^^^^^^^^^^^^^^^^^^
  File "C:\Users\Priyanka\source\repos\Change-Detection-DEV\venv\Lib\site-packages\uvicorn\middleware\proxy_headers.py", line 63, in __call__
    return await self.app(scope, receive, send)
           ^^^^^^^^^^^^^^^^^^^^^^^^^^^^^^^^^^^^
  File "C:\Users\Priyanka\source\repos\Change-Detection-DEV\venv\Lib\site-packages\fastapi\applications.py", line 1163, in __call__
    await super().__call__(scope, receive, send)
  File "C:\Users\Priyanka\source\repos\Change-Detection-DEV\venv\Lib\site-packages\starlette\applications.py", line 90, in __call__
    await self.middleware_stack(scope, receive, send)
  File "C:\Users\Priyanka\source\repos\Change-Detection-DEV\venv\Lib\site-packages\starlette\middleware\errors.py", line 186, in __call__
    raise exc
  File "C:\Users\Priyanka\source\repos\Change-Detection-DEV\venv\Lib\site-packages\starlette\middleware\errors.py", line 164, in __call__
    await self.app(scope, receive, _send)
  File "C:\Users\Priyanka\source\repos\Change-Detection-DEV\venv\Lib\site-packages\starlette\middleware\exceptions.py", line 63, in __call__
    await wrap_app_handling_exceptions(self.app, conn)(scope, receive, send)
  File "C:\Users\Priyanka\source\repos\Change-Detection-DEV\venv\Lib\site-packages\starlette\_exception_handler.py", line 53, in wrapped_app
    raise exc
  File "C:\Users\Priyanka\source\repos\Change-Detection-DEV\venv\Lib\site-packages\starlette\_exception_handler.py", line 42, in wrapped_app
    await app(scope, receive, sender)
  File "C:\Users\Priyanka\source\repos\Change-Detection-DEV\venv\Lib\site-packages\fastapi\middleware\asyncexitstack.py", line 18, in __call__
    await self.app(scope, receive, send)
  File "C:\Users\Priyanka\source\repos\Change-Detection-DEV\venv\Lib\site-packages\starlette\routing.py", line 660, in __call__
    await self.middleware_stack(scope, receive, send)
  File "C:\Users\Priyanka\source\repos\Change-Detection-DEV\venv\Lib\site-packages\fastapi\routing.py", line 2683, in app
    await route.handle(scope, receive, send)
  File "C:\Users\Priyanka\source\repos\Change-Detection-DEV\venv\Lib\site-packages\fastapi\routing.py", line 1753, in handle
    await self.original_router.handle(scope, receive, send)
  File "C:\Users\Priyanka\source\repos\Change-Detection-DEV\venv\Lib\site-packages\fastapi\routing.py", line 2738, in handle
    await included_router._handle_selected(scope, receive, send)
  File "C:\Users\Priyanka\source\repos\Change-Detection-DEV\venv\Lib\site-packages\fastapi\routing.py", line 1773, in _handle_selected
    await original_route.handle(scope, receive, send)
  File "C:\Users\Priyanka\source\repos\Change-Detection-DEV\venv\Lib\site-packages\fastapi\routing.py", line 1264, in handle
    await app(scope, receive, send)
  File "C:\Users\Priyanka\source\repos\Change-Detection-DEV\venv\Lib\site-packages\fastapi\routing.py", line 150, in app
    await wrap_app_handling_exceptions(app, request)(scope, receive, send)
  File "C:\Users\Priyanka\source\repos\Change-Detection-DEV\venv\Lib\site-packages\starlette\_exception_handler.py", line 53, in wrapped_app
    raise exc
  File "C:\Users\Priyanka\source\repos\Change-Detection-DEV\venv\Lib\site-packages\starlette\_exception_handler.py", line 42, in wrapped_app
    await app(scope, receive, sender)
  File "C:\Users\Priyanka\source\repos\Change-Detection-DEV\venv\Lib\site-packages\fastapi\routing.py", line 136, in app
    response = await f(request)
               ^^^^^^^^^^^^^^^^
  File "C:\Users\Priyanka\source\repos\Change-Detection-DEV\venv\Lib\site-packages\fastapi\routing.py", line 690, in app
    raw_response = await run_endpoint_function(
                   ^^^^^^^^^^^^^^^^^^^^^^^^^^^^
  File "C:\Users\Priyanka\source\repos\Change-Detection-DEV\venv\Lib\site-packages\fastapi\routing.py", line 346, in run_endpoint_function
    return await run_in_threadpool(dependant.call, **values)
           ^^^^^^^^^^^^^^^^^^^^^^^^^^^^^^^^^^^^^^^^^^^^^^^^^
  File "C:\Users\Priyanka\source\repos\Change-Detection-DEV\venv\Lib\site-packages\starlette\concurrency.py", line 34, in run_in_threadpool
    return await anyio.to_thread.run_sync(func)
           ^^^^^^^^^^^^^^^^^^^^^^^^^^^^^^^^^^^^
  File "C:\Users\Priyanka\source\repos\Change-Detection-DEV\venv\Lib\site-packages\anyio\to_thread.py", line 63, in run_sync
    return await get_async_backend().run_sync_in_worker_thread(
           ^^^^^^^^^^^^^^^^^^^^^^^^^^^^^^^^^^^^^^^^^^^^^^^^^^^^
  File "C:\Users\Priyanka\source\repos\Change-Detection-DEV\venv\Lib\site-packages\anyio\_backends\_asyncio.py", line 2596, in run_sync_in_worker_thread
    return await future
           ^^^^^^^^^^^^
  File "C:\Users\Priyanka\source\repos\Change-Detection-DEV\venv\Lib\site-packages\anyio\_backends\_asyncio.py", line 1029, in run
    result = context.run(func, *args)
             ^^^^^^^^^^^^^^^^^^^^^^^^
  File "C:\Users\Priyanka\source\repos\Change-Detection-DEV\app\dda\jobs_routes.py", line 257, in auto_detect_status
    return schedule_status_payload(db)
           ^^^^^^^^^^^^^^^^^^^^^^^^^^^
  File "C:\Users\Priyanka\source\repos\Change-Detection-DEV\app\dda\auto_detect.py", line 475, in schedule_status_payload
    settings = get_or_create_settings(db)
               ^^^^^^^^^^^^^^^^^^^^^^^^^^
  File "C:\Users\Priyanka\source\repos\Change-Detection-DEV\app\dda\auto_detect.py", line 72, in get_or_create_settings
    row = db.query(AutoDetectSettings).filter(AutoDetectSettings.id == 1).first()
          ^^^^^^^^^^^^^^^^^^^^^^^^^^^^^^^^^^^^^^^^^^^^^^^^^^^^^^^^^^^^^^^^^^^^^^^
  File "C:\Users\Priyanka\source\repos\Change-Detection-DEV\venv\Lib\site-packages\sqlalchemy\orm\query.py", line 2766, in first
    return self.limit(1)._iter().first()  # type: ignore
           ^^^^^^^^^^^^^^^^^^^^^
  File "C:\Users\Priyanka\source\repos\Change-Detection-DEV\venv\Lib\site-packages\sqlalchemy\orm\query.py", line 2864, in _iter
    result: Union[ScalarResult[_T], Result[_T]] = self.session.execute(
                                                  ^^^^^^^^^^^^^^^^^^^^^
  File "C:\Users\Priyanka\source\repos\Change-Detection-DEV\venv\Lib\site-packages\sqlalchemy\orm\session.py", line 2373, in execute
    return self._execute_internal(
           ^^^^^^^^^^^^^^^^^^^^^^^
  File "C:\Users\Priyanka\source\repos\Change-Detection-DEV\venv\Lib\site-packages\sqlalchemy\orm\session.py", line 2271, in _execute_internal
    result: Result[Any] = compile_state_cls.orm_execute_statement(
                          ^^^^^^^^^^^^^^^^^^^^^^^^^^^^^^^^^^^^^^^^
  File "C:\Users\Priyanka\source\repos\Change-Detection-DEV\venv\Lib\site-packages\sqlalchemy\orm\context.py", line 306, in orm_execute_statement
    result = conn.execute(
             ^^^^^^^^^^^^^
  File "C:\Users\Priyanka\source\repos\Change-Detection-DEV\venv\Lib\site-packages\sqlalchemy\engine\base.py", line 1421, in execute
    return meth(
           ^^^^^
  File "C:\Users\Priyanka\source\repos\Change-Detection-DEV\venv\Lib\site-packages\sqlalchemy\sql\elements.py", line 526, in _execute_on_connection
    return connection._execute_clauseelement(
           ^^^^^^^^^^^^^^^^^^^^^^^^^^^^^^^^^^
  File "C:\Users\Priyanka\source\repos\Change-Detection-DEV\venv\Lib\site-packages\sqlalchemy\engine\base.py", line 1643, in _execute_clauseelement
    ret = self._execute_context(
          ^^^^^^^^^^^^^^^^^^^^^^
  File "C:\Users\Priyanka\source\repos\Change-Detection-DEV\venv\Lib\site-packages\sqlalchemy\engine\base.py", line 1848, in _execute_context
    return self._exec_single_context(
           ^^^^^^^^^^^^^^^^^^^^^^^^^^
  File "C:\Users\Priyanka\source\repos\Change-Detection-DEV\venv\Lib\site-packages\sqlalchemy\engine\base.py", line 1988, in _exec_single_context
    self._handle_dbapi_exception(
  File "C:\Users\Priyanka\source\repos\Change-Detection-DEV\venv\Lib\site-packages\sqlalchemy\engine\base.py", line 2365, in _handle_dbapi_exception
    raise sqlalchemy_exception.with_traceback(exc_info[2]) from e
  File "C:\Users\Priyanka\source\repos\Change-Detection-DEV\venv\Lib\site-packages\sqlalchemy\engine\base.py", line 1969, in _exec_single_context
    self.dialect.do_execute(
  File "C:\Users\Priyanka\source\repos\Change-Detection-DEV\venv\Lib\site-packages\sqlalchemy\engine\default.py", line 952, in do_execute
    cursor.execute(statement, parameters)
  File "C:\Users\Priyanka\source\repos\Change-Detection-DEV\venv\Lib\site-packages\pymysql\cursors.py", line 159, in execute
    result = self._query(query)
             ^^^^^^^^^^^^^^^^^^
  File "C:\Users\Priyanka\source\repos\Change-Detection-DEV\venv\Lib\site-packages\pymysql\cursors.py", line 330, in _query
    conn.query(q)
  File "C:\Users\Priyanka\source\repos\Change-Detection-DEV\venv\Lib\site-packages\pymysql\connections.py", line 582, in query
    self._affected_rows = self._read_query_result(unbuffered=unbuffered)
                          ^^^^^^^^^^^^^^^^^^^^^^^^^^^^^^^^^^^^^^^^^^^^^^
  File "C:\Users\Priyanka\source\repos\Change-Detection-DEV\venv\Lib\site-packages\pymysql\connections.py", line 847, in _read_query_result
    result.read()
  File "C:\Users\Priyanka\source\repos\Change-Detection-DEV\venv\Lib\site-packages\pymysql\connections.py", line 1245, in read
    first_packet = self.connection._read_packet()
                   ^^^^^^^^^^^^^^^^^^^^^^^^^^^^^^
  File "C:\Users\Priyanka\source\repos\Change-Detection-DEV\venv\Lib\site-packages\pymysql\connections.py", line 772, in _read_packet
    packet_header = self._read_bytes(4)
                    ^^^^^^^^^^^^^^^^^^^
  File "C:\Users\Priyanka\source\repos\Change-Detection-DEV\venv\Lib\site-packages\pymysql\connections.py", line 826, in _read_bytes
    raise err.OperationalError(
sqlalchemy.exc.OperationalError: (pymysql.err.OperationalError) (2013, 'Lost connection to MySQL server during query')
[SQL: SELECT dda_auto_detect_settings.id AS dda_auto_detect_settings_id, dda_auto_detect_settings.running AS dda_auto_detect_settings_running, dda_auto_detect_settings.interval_days AS dda_auto_detect_settings_interval_days, dda_auto_detect_settings.run_at AS dda_auto_detect_settings_run_at, dda_auto_detect_settings.next_run_at AS dda_auto_detect_settings_next_run_at, dda_auto_detect_settings.updated_at AS dda_auto_detect_settings_updated_at 
FROM dda_auto_detect_settings 
WHERE dda_auto_detect_settings.id = %(id_1)s 
 LIMIT %(param_1)s]
[parameters: {'id_1': 1, 'param_1': 1}]
(Background on this error at: https://sqlalche.me/e/20/e3q8)
ERROR:app.dda.auto_detect:Auto-detect schedule sync failed
Traceback (most recent call last):
  File "C:\Users\Priyanka\source\repos\Change-Detection-DEV\venv\Lib\site-packages\sqlalchemy\engine\base.py", line 1969, in _exec_single_context
    self.dialect.do_execute(
  File "C:\Users\Priyanka\source\repos\Change-Detection-DEV\venv\Lib\site-packages\sqlalchemy\engine\default.py", line 952, in do_execute
    cursor.execute(statement, parameters)
  File "C:\Users\Priyanka\source\repos\Change-Detection-DEV\venv\Lib\site-packages\pymysql\cursors.py", line 159, in execute
    result = self._query(query)
             ^^^^^^^^^^^^^^^^^^
  File "C:\Users\Priyanka\source\repos\Change-Detection-DEV\venv\Lib\site-packages\pymysql\cursors.py", line 330, in _query
    conn.query(q)
  File "C:\Users\Priyanka\source\repos\Change-Detection-DEV\venv\Lib\site-packages\pymysql\connections.py", line 582, in query
    self._affected_rows = self._read_query_result(unbuffered=unbuffered)
                          ^^^^^^^^^^^^^^^^^^^^^^^^^^^^^^^^^^^^^^^^^^^^^^
  File "C:\Users\Priyanka\source\repos\Change-Detection-DEV\venv\Lib\site-packages\pymysql\connections.py", line 847, in _read_query_result
    result.read()
  File "C:\Users\Priyanka\source\repos\Change-Detection-DEV\venv\Lib\site-packages\pymysql\connections.py", line 1245, in read
    first_packet = self.connection._read_packet()
                   ^^^^^^^^^^^^^^^^^^^^^^^^^^^^^^
  File "C:\Users\Priyanka\source\repos\Change-Detection-DEV\venv\Lib\site-packages\pymysql\connections.py", line 803, in _read_packet
    packet.raise_for_error()
  File "C:\Users\Priyanka\source\repos\Change-Detection-DEV\venv\Lib\site-packages\pymysql\protocol.py", line 219, in raise_for_error
    err.raise_mysql_exception(self._data)
  File "C:\Users\Priyanka\source\repos\Change-Detection-DEV\venv\Lib\site-packages\pymysql\err.py", line 154, in raise_mysql_exception
    raise errorclass(errno, errval, sqlstate=sqlstate)
pymysql.err.IntegrityError: (1062, "Duplicate entry 'b9d74c27a538cd65596b79b73ed00931ac58f5ae793434def8e8fd06cbcbf8c3' for key 'dda_auto_pair_schedules.ix_dda_auto_pair_schedules_pair_key'")

The above exception was the direct cause of the following exception:

Traceback (most recent call last):
  File "C:\Users\Priyanka\source\repos\Change-Detection-DEV\app\dda\auto_detect.py", line 466, in refresh_schedule_rows
    _sync_schedules(db, pairs)
  File "C:\Users\Priyanka\source\repos\Change-Detection-DEV\app\dda\auto_detect.py", line 289, in _sync_schedules
    db.commit()
  File "C:\Users\Priyanka\source\repos\Change-Detection-DEV\venv\Lib\site-packages\sqlalchemy\orm\session.py", line 2035, in commit
    trans.commit(_to_root=True)
  File "<string>", line 2, in commit
  File "C:\Users\Priyanka\source\repos\Change-Detection-DEV\venv\Lib\site-packages\sqlalchemy\orm\state_changes.py", line 137, in _go
    ret_value = fn(self, *arg, **kw)
                ^^^^^^^^^^^^^^^^^^^^
  File "C:\Users\Priyanka\source\repos\Change-Detection-DEV\venv\Lib\site-packages\sqlalchemy\orm\session.py", line 1316, in commit
    self._prepare_impl()
  File "<string>", line 2, in _prepare_impl
  File "C:\Users\Priyanka\source\repos\Change-Detection-DEV\venv\Lib\site-packages\sqlalchemy\orm\state_changes.py", line 137, in _go
    ret_value = fn(self, *arg, **kw)
                ^^^^^^^^^^^^^^^^^^^^
  File "C:\Users\Priyanka\source\repos\Change-Detection-DEV\venv\Lib\site-packages\sqlalchemy\orm\session.py", line 1290, in _prepare_impl
    self.session.flush()
  File "C:\Users\Priyanka\source\repos\Change-Detection-DEV\venv\Lib\site-packages\sqlalchemy\orm\session.py", line 4353, in flush
    self._flush(objects)
  File "C:\Users\Priyanka\source\repos\Change-Detection-DEV\venv\Lib\site-packages\sqlalchemy\orm\session.py", line 4488, in _flush
    with util.safe_reraise():
  File "C:\Users\Priyanka\source\repos\Change-Detection-DEV\venv\Lib\site-packages\sqlalchemy\util\langhelpers.py", line 122, in __exit__
    raise exc_value.with_traceback(exc_tb)
  File "C:\Users\Priyanka\source\repos\Change-Detection-DEV\venv\Lib\site-packages\sqlalchemy\orm\session.py", line 4449, in _flush
    flush_context.execute()
  File "C:\Users\Priyanka\source\repos\Change-Detection-DEV\venv\Lib\site-packages\sqlalchemy\orm\unitofwork.py", line 465, in execute
    rec.execute(self)
  File "C:\Users\Priyanka\source\repos\Change-Detection-DEV\venv\Lib\site-packages\sqlalchemy\orm\unitofwork.py", line 641, in execute
    util.preloaded.orm_persistence.save_obj(
  File "C:\Users\Priyanka\source\repos\Change-Detection-DEV\venv\Lib\site-packages\sqlalchemy\orm\persistence.py", line 94, in save_obj
    _emit_insert_statements(
  File "C:\Users\Priyanka\source\repos\Change-Detection-DEV\venv\Lib\site-packages\sqlalchemy\orm\persistence.py", line 1234, in _emit_insert_statements
    result = connection.execute(
             ^^^^^^^^^^^^^^^^^^^
  File "C:\Users\Priyanka\source\repos\Change-Detection-DEV\venv\Lib\site-packages\sqlalchemy\engine\base.py", line 1421, in execute
    return meth(
           ^^^^^
  File "C:\Users\Priyanka\source\repos\Change-Detection-DEV\venv\Lib\site-packages\sqlalchemy\sql\elements.py", line 526, in _execute_on_connection
    return connection._execute_clauseelement(
           ^^^^^^^^^^^^^^^^^^^^^^^^^^^^^^^^^^
  File "C:\Users\Priyanka\source\repos\Change-Detection-DEV\venv\Lib\site-packages\sqlalchemy\engine\base.py", line 1643, in _execute_clauseelement
    ret = self._execute_context(
          ^^^^^^^^^^^^^^^^^^^^^^
  File "C:\Users\Priyanka\source\repos\Change-Detection-DEV\venv\Lib\site-packages\sqlalchemy\engine\base.py", line 1848, in _execute_context
    return self._exec_single_context(
           ^^^^^^^^^^^^^^^^^^^^^^^^^^
  File "C:\Users\Priyanka\source\repos\Change-Detection-DEV\venv\Lib\site-packages\sqlalchemy\engine\base.py", line 1988, in _exec_single_context
    self._handle_dbapi_exception(
  File "C:\Users\Priyanka\source\repos\Change-Detection-DEV\venv\Lib\site-packages\sqlalchemy\engine\base.py", line 2365, in _handle_dbapi_exception
    raise sqlalchemy_exception.with_traceback(exc_info[2]) from e
  File "C:\Users\Priyanka\source\repos\Change-Detection-DEV\venv\Lib\site-packages\sqlalchemy\engine\base.py", line 1969, in _exec_single_context
    self.dialect.do_execute(
  File "C:\Users\Priyanka\source\repos\Change-Detection-DEV\venv\Lib\site-packages\sqlalchemy\engine\default.py", line 952, in do_execute
    cursor.execute(statement, parameters)
  File "C:\Users\Priyanka\source\repos\Change-Detection-DEV\venv\Lib\site-packages\pymysql\cursors.py", line 159, in execute
    result = self._query(query)
             ^^^^^^^^^^^^^^^^^^
  File "C:\Users\Priyanka\source\repos\Change-Detection-DEV\venv\Lib\site-packages\pymysql\cursors.py", line 330, in _query
    conn.query(q)
  File "C:\Users\Priyanka\source\repos\Change-Detection-DEV\venv\Lib\site-packages\pymysql\connections.py", line 582, in query
    self._affected_rows = self._read_query_result(unbuffered=unbuffered)
                          ^^^^^^^^^^^^^^^^^^^^^^^^^^^^^^^^^^^^^^^^^^^^^^
  File "C:\Users\Priyanka\source\repos\Change-Detection-DEV\venv\Lib\site-packages\pymysql\connections.py", line 847, in _read_query_result
    result.read()
  File "C:\Users\Priyanka\source\repos\Change-Detection-DEV\venv\Lib\site-packages\pymysql\connections.py", line 1245, in read
    first_packet = self.connection._read_packet()
                   ^^^^^^^^^^^^^^^^^^^^^^^^^^^^^^
  File "C:\Users\Priyanka\source\repos\Change-Detection-DEV\venv\Lib\site-packages\pymysql\connections.py", line 803, in _read_packet
    packet.raise_for_error()
  File "C:\Users\Priyanka\source\repos\Change-Detection-DEV\venv\Lib\site-packages\pymysql\protocol.py", line 219, in raise_for_error
    err.raise_mysql_exception(self._data)
  File "C:\Users\Priyanka\source\repos\Change-Detection-DEV\venv\Lib\site-packages\pymysql\err.py", line 154, in raise_mysql_exception
    raise errorclass(errno, errval, sqlstate=sqlstate)
sqlalchemy.exc.IntegrityError: (pymysql.err.IntegrityError) (1062, "Duplicate entry 'b9d74c27a538cd65596b79b73ed00931ac58f5ae793434def8e8fd06cbcbf8c3' for key 'dda_auto_pair_schedules.ix_dda_auto_pair_schedules_pair_key'")
[SQL: INSERT INTO dda_auto_pair_schedules (pair_key, group_label, before_path, after_path, interval_days, enabled, last_enqueued_at, last_completed_at, last_job_id, last_run_id, last_error, created_at, updated_at) VALUES (%(pair_key)s, %(group_label)s, %(before_path)s, %(after_path)s, %(interval_days)s, %(enabled)s, %(last_enqueued_at)s, %(last_completed_at)s, %(last_job_id)s, %(last_run_id)s, %(last_error)s, %(created_at)s, %(updated_at)s)]
[parameters: {'pair_key': 'b9d74c27a538cd65596b79b73ed00931ac58f5ae793434def8e8fd06cbcbf8c3', 'group_label': 'New Delhi', 'before_path': 'new_delhi/before/Images/before_tile_r0001_c0046.png', 'after_path': 'new_delhi/cd_dataset_h43x2e24_grid76/b/Images/tile_r0001_c0046.png', 'interval_days': 10, 'enabled': 1, 'last_enqueued_at': None, 'last_completed_at': None, 'last_job_id': None, 'last_run_id': None, 'last_error': '', 'created_at': datetime.datetime(2026, 9, 1, 5, 57, 36, 332985, tzinfo=datetime.timezone.utc), 'updated_at': datetime.datetime(2026, 9, 1, 5, 57, 36, 332985, tzinfo=datetime.timezone.utc)}]
(Background on this error at: https://sqlalche.me/e/20/gkpj)
C:\Users\Priyanka\source\repos\Change-Detection-DEV\venv\Lib\site-packages\rasterio\__init__.py:368: NotGeoreferencedWarning: Dataset has no geotransform, gcps, or rpcs. The identity matrix will be returned.
  dataset = DatasetReader(path, driver=driver, sharing=sharing, **kwargs)
INFO:app.dda.tree.image_service:Uploaded after_tile_r0000_c0089.png -> new_delhi/after/Images/after_tile_r0000_c0089_1.png
INFO:app.dda.tree.image_service:Uploaded after_tile_r0000_c0090.png -> new_delhi/after/Images/after_tile_r0000_c0090_1.png
INFO:app.dda.tree.image_service:Uploaded after_tile_r0001_c0036.png -> new_delhi/after/Images/after_tile_r0001_c0036_1.png
INFO:app.dda.tree.image_service:Uploaded after_tile_r0001_c0037.png -> new_delhi/after/Images/after_tile_r0001_c0037_1.png
INFO:app.dda.tree.image_service:Uploaded after_tile_r0001_c0038.png -> new_delhi/after/Images/after_tile_r0001_c0038_1.png
INFO:app.dda.tree.image_service:Uploaded after_tile_r0001_c0039.png -> new_delhi/after/Images/after_tile_r0001_c0039_1.png
INFO:app.dda.tree.image_service:Uploaded after_tile_r0001_c0040.png -> new_delhi/after/Images/after_tile_r0001_c0040_1.png
INFO:app.dda.tree.image_service:Uploaded after_tile_r0001_c0041.png -> new_delhi/after/Images/after_tile_r0001_c0041_1.png
INFO:app.dda.tree.image_service:Uploaded after_tile_r0001_c0042.png -> new_delhi/after/Images/after_tile_r0001_c0042_1.png
INFO:app.dda.tree.image_service:Uploaded after_tile_r0001_c0043.png -> new_delhi/after/Images/after_tile_r0001_c0043_1.png
INFO:app.dda.tree.image_service:Uploaded after_tile_r0001_c0044.png -> new_delhi/after/Images/after_tile_r0001_c0044_1.png
INFO:app.dda.tree.image_service:Uploaded after_tile_r0001_c0045.png -> new_delhi/after/Images/after_tile_r0001_c0045_1.png
INFO:app.dda.tree.image_service:Uploaded after_tile_r0001_c0046.png -> new_delhi/after/Images/after_tile_r0001_c0046_1.png
INFO:app.dda.tree.image_service:Uploaded after_tile_r0001_c0047.png -> new_delhi/after/Images/after_tile_r0001_c0047_1.png
INFO:app.dda.tree.image_service:Uploaded after_tile_r0001_c0048.png -> new_delhi/after/Images/after_tile_r0001_c0048_1.png
INFO:app.dda.tree.image_service:Uploaded after_tile_r0001_c0049.png -> new_delhi/after/Images/after_tile_r0001_c0049_1.png
INFO:app.dda.tree.image_service:Uploaded after_tile_r0001_c0050.png -> new_delhi/after/Images/after_tile_r0001_c0050_1.png
INFO:app.dda.tree.image_service:Uploaded after_tile_r0001_c0051.png -> new_delhi/after/Images/after_tile_r0001_c0051_1.png
INFO:app.dda.tree.image_service:Uploaded after_tile_r0001_c0052.png -> new_delhi/after/Images/after_tile_r0001_c0052_1.png
INFO:app.dda.tree.image_service:Uploaded after_tile_r0001_c0053.png -> new_delhi/after/Images/after_tile_r0001_c0053_1.png
INFO:app.dda.tree.image_service:Uploaded after_tile_r0001_c0054.png -> new_delhi/after/Images/after_tile_r0001_c0054_1.png
INFO:app.dda.tree.image_service:Uploaded after_tile_r0001_c0055.png -> new_delhi/after/Images/after_tile_r0001_c0055_1.png
INFO:app.dda.tree.image_service:Uploaded after_tile_r0001_c0056.png -> new_delhi/after/Images/after_tile_r0001_c0056_1.png
INFO:app.dda.tree.image_service:Uploaded after_tile_r0001_c0057.png -> new_delhi/after/Images/after_tile_r0001_c0057_1.png
INFO:app.dda.tree.image_service:Uploaded after_tile_r0001_c0058.png -> new_delhi/after/Images/after_tile_r0001_c0058_1.png
INFO:app.dda.tree.image_service:Uploaded after_tile_r0001_c0059.png -> new_delhi/after/Images/after_tile_r0001_c0059_1.png
INFO:app.dda.tree.image_service:Uploaded after_tile_r0001_c0060.png -> new_delhi/after/Images/after_tile_r0001_c0060_1.png
INFO:app.dda.tree.image_service:Uploaded after_tile_r0001_c0061.png -> new_delhi/after/Images/after_tile_r0001_c0061_1.png
INFO:app.dda.tree.image_service:Uploaded after_tile_r0001_c0062.png -> new_delhi/after/Images/after_tile_r0001_c0062_1.png
INFO:app.dda.tree.image_service:Uploaded after_tile_r0001_c0063.png -> new_delhi/after/Images/after_tile_r0001_c0063_1.png
INFO:app.dda.tree.image_service:Uploaded after_tile_r0001_c0064.png -> new_delhi/after/Images/after_tile_r0001_c0064_1.png
INFO:app.dda.tree.image_service:Uploaded after_tile_r0001_c0065.png -> new_delhi/after/Images/after_tile_r0001_c0065_1.png
INFO:app.dda.tree.image_service:Uploaded after_tile_r0001_c0066.png -> new_delhi/after/Images/after_tile_r0001_c0066_1.png
INFO:app.dda.tree.image_service:Uploaded after_tile_r0001_c0067.png -> new_delhi/after/Images/after_tile_r0001_c0067_1.png
INFO:app.dda.tree.image_service:Uploaded after_tile_r0001_c0068.png -> new_delhi/after/Images/after_tile_r0001_c0068_1.png
INFO:app.dda.tree.image_service:Uploaded after_tile_r0001_c0069.png -> new_delhi/after/Images/after_tile_r0001_c0069_1.png
INFO:app.dda.tree.image_service:Uploaded after_tile_r0001_c0070.png -> new_delhi/after/Images/after_tile_r0001_c0070_1.png
INFO:app.dda.tree.image_service:Uploaded after_tile_r0001_c0071.png -> new_delhi/after/Images/after_tile_r0001_c0071_1.png
INFO:app.dda.tree.image_service:Uploaded after_tile_r0001_c0072.png -> new_delhi/after/Images/after_tile_r0001_c0072_1.png
INFO:app.dda.tree.image_service:Uploaded after_tile_r0001_c0073.png -> new_delhi/after/Images/after_tile_r0001_c0073_1.png
INFO:app.dda.tree.image_service:Uploaded after_tile_r0001_c0074.png -> new_delhi/after/Images/after_tile_r0001_c0074_1.png
INFO:app.dda.tree.image_service:Uploaded after_tile_r0001_c0075.png -> new_delhi/after/Images/after_tile_r0001_c0075_1.png
INFO:app.dda.tree.image_service:Uploaded after_tile_r0001_c0076.png -> new_delhi/after/Images/after_tile_r0001_c0076_1.png
INFO:app.dda.tree.image_service:Uploaded after_tile_r0001_c0077.png -> new_delhi/after/Images/after_tile_r0001_c0077_1.png
INFO:app.dda.tree.image_service:Uploaded after_tile_r0001_c0078.png -> new_delhi/after/Images/after_tile_r0001_c0078_1.png
INFO:app.dda.tree.image_service:Uploaded after_tile_r0001_c0079.png -> new_delhi/after/Images/after_tile_r0001_c0079_1.png
INFO:app.dda.tree.image_service:Uploaded after_tile_r0001_c0080.png -> new_delhi/after/Images/after_tile_r0001_c0080_1.png
INFO:app.dda.tree.image_service:Uploaded after_tile_r0001_c0081.png -> new_delhi/after/Images/after_tile_r0001_c0081_1.png
INFO:app.dda.tree.image_service:Uploaded after_tile_r0001_c0082.png -> new_delhi/after/Images/after_tile_r0001_c0082_1.png
INFO:app.dda.tree.image_service:Uploaded after_tile_r0001_c0083.png -> new_delhi/after/Images/after_tile_r0001_c0083_1.png
INFO:app.dda.tree.image_service:Uploaded after_tile_r0001_c0084.png -> new_delhi/after/Images/after_tile_r0001_c0084_1.png
INFO:app.dda.tree.image_service:Uploaded after_tile_r0001_c0085.png -> new_delhi/after/Images/after_tile_r0001_c0085_1.png
INFO:app.dda.tree.image_service:Uploaded after_tile_r0001_c0086.png -> new_delhi/after/Images/after_tile_r0001_c0086_1.png
INFO:app.dda.tree.image_service:Uploaded after_tile_r0001_c0087.png -> new_delhi/after/Images/after_tile_r0001_c0087_1.png
INFO:app.dda.tree.image_service:Uploaded after_tile_r0001_c0088.png -> new_delhi/after/Images/after_tile_r0001_c0088_1.png
INFO:app.dda.tree.image_service:Uploaded after_tile_r0001_c0089.png -> new_delhi/after/Images/after_tile_r0001_c0089_1.png
INFO:app.dda.tree.image_service:Uploaded after_tile_r0001_c0090.png -> new_delhi/after/Images/after_tile_r0001_c0090_1.png
INFO:app.dda.tree.image_service:Uploaded after_tile_r0001_c0091.png -> new_delhi/after/Images/after_tile_r0001_c0091_1.png
INFO:app.dda.tree.image_service:Uploaded after_tile_r0002_c0000.png -> new_delhi/after/Images/after_tile_r0002_c0000_1.png
INFO:app.dda.tree.image_service:Uploaded after_tile_r0002_c0001.png -> new_delhi/after/Images/after_tile_r0002_c0001_1.png
INFO:app.dda.tree.image_service:Uploaded after_tile_r0002_c0002.png -> new_delhi/after/Images/after_tile_r0002_c0002_1.png
INFO:app.dda.tree.image_service:Uploaded after_tile_r0002_c0003.png -> new_delhi/after/Images/after_tile_r0002_c0003_1.png
INFO:app.dda.tree.image_service:Uploaded after_tile_r0002_c0004.png -> new_delhi/after/Images/after_tile_r0002_c0004_1.png
INFO:app.dda.tree.image_service:Uploaded after_tile_r0002_c0005.png -> new_delhi/after/Images/after_tile_r0002_c0005_1.png
INFO:app.dda.tree.image_service:Uploaded after_tile_r0002_c0006.png -> new_delhi/after/Images/after_tile_r0002_c0006_1.png
INFO:app.dda.tree.image_service:Uploaded after_tile_r0002_c0007.png -> new_delhi/after/Images/after_tile_r0002_c0007_1.png
INFO:app.dda.tree.image_service:Uploaded after_tile_r0002_c0008.png -> new_delhi/after/Images/after_tile_r0002_c0008_1.png
INFO:app.dda.tree.image_service:Uploaded after_tile_r0002_c0009.png -> new_delhi/after/Images/after_tile_r0002_c0009_1.png
INFO:app.dda.tree.image_service:Uploaded after_tile_r0002_c0010.png -> new_delhi/after/Images/after_tile_r0002_c0010_1.png
INFO:app.dda.tree.image_service:Uploaded after_tile_r0002_c0011.png -> new_delhi/after/Images/after_tile_r0002_c0011_1.png
INFO:app.dda.tree.image_service:Uploaded after_tile_r0002_c0012.png -> new_delhi/after/Images/after_tile_r0002_c0012_1.png
INFO:app.dda.tree.image_service:Uploaded after_tile_r0002_c0013.png -> new_delhi/after/Images/after_tile_r0002_c0013_1.png
INFO:app.dda.tree.image_service:Uploaded after_tile_r0002_c0014.png -> new_delhi/after/Images/after_tile_r0002_c0014_1.png
INFO:app.dda.tree.image_service:Uploaded after_tile_r0002_c0015.png -> new_delhi/after/Images/after_tile_r0002_c0015_1.png
INFO:app.dda.tree.image_service:Uploaded after_tile_r0002_c0016.png -> new_delhi/after/Images/after_tile_r0002_c0016_1.png
INFO:app.dda.tree.image_service:Uploaded after_tile_r0002_c0017.png -> new_delhi/after/Images/after_tile_r0002_c0017_1.png
INFO:app.dda.tree.image_service:Uploaded after_tile_r0002_c0018.png -> new_delhi/after/Images/after_tile_r0002_c0018_1.png
INFO:app.dda.tree.image_service:Uploaded after_tile_r0002_c0019.png -> new_delhi/after/Images/after_tile_r0002_c0019_1.png
INFO:app.dda.tree.image_service:Uploaded after_tile_r0002_c0020.png -> new_delhi/after/Images/after_tile_r0002_c0020_1.png
INFO:app.dda.tree.image_service:Uploaded after_tile_r0002_c0021.png -> new_delhi/after/Images/after_tile_r0002_c0021_1.png
INFO:app.dda.tree.image_service:Uploaded after_tile_r0002_c0022.png -> new_delhi/after/Images/after_tile_r0002_c0022_1.png
INFO:app.dda.tree.image_service:Uploaded after_tile_r0002_c0023.png -> new_delhi/after/Images/after_tile_r0002_c0023_1.png
INFO:app.dda.tree.image_service:Uploaded after_tile_r0002_c0024.png -> new_delhi/after/Images/after_tile_r0002_c0024_1.png
INFO:app.dda.tree.image_service:Uploaded after_tile_r0002_c0025.png -> new_delhi/after/Images/after_tile_r0002_c0025_1.png
INFO:app.dda.tree.image_service:Uploaded after_tile_r0002_c0026.png -> new_delhi/after/Images/after_tile_r0002_c0026_1.png
INFO:app.dda.tree.image_service:Uploaded after_tile_r0002_c0027.png -> new_delhi/after/Images/after_tile_r0002_c0027_1.png
INFO:app.dda.tree.image_service:Uploaded after_tile_r0002_c0028.png -> new_delhi/after/Images/after_tile_r0002_c0028_1.png
INFO:app.dda.tree.image_service:Uploaded after_tile_r0002_c0029.png -> new_delhi/after/Images/after_tile_r0002_c0029_1.png
INFO:app.dda.tree.image_service:Uploaded after_tile_r0002_c0030.png -> new_delhi/after/Images/after_tile_r0002_c0030_1.png
INFO:app.dda.tree.image_service:Uploaded after_tile_r0002_c0031.png -> new_delhi/after/Images/after_tile_r0002_c0031_1.png
INFO:app.dda.tree.image_service:Uploaded after_tile_r0002_c0032.png -> new_delhi/after/Images/after_tile_r0002_c0032_1.png
INFO:app.dda.tree.image_service:Uploaded after_tile_r0002_c0033.png -> new_delhi/after/Images/after_tile_r0002_c0033_1.png
INFO:app.dda.tree.image_service:Uploaded after_tile_r0002_c0034.png -> new_delhi/after/Images/after_tile_r0002_c0034_1.png
INFO:app.dda.tree.image_service:Uploaded after_tile_r0002_c0035.png -> new_delhi/after/Images/after_tile_r0002_c0035_1.png
INFO:app.dda.tree.image_service:Uploaded after_tile_r0002_c0036.png -> new_delhi/after/Images/after_tile_r0002_c0036_1.png
INFO:app.dda.tree.image_service:Uploaded after_tile_r0002_c0037.png -> new_delhi/after/Images/after_tile_r0002_c0037_1.png
INFO:app.dda.tree.image_service:Uploaded after_tile_r0002_c0038.png -> new_delhi/after/Images/after_tile_r0002_c0038_1.png
INFO:app.dda.tree.image_service:Uploaded after_tile_r0002_c0039.png -> new_delhi/after/Images/after_tile_r0002_c0039_1.png
INFO:app.dda.tree.image_service:Uploaded after_tile_r0002_c0040.png -> new_delhi/after/Images/after_tile_r0002_c0040_1.png
INFO:app.dda.tree.image_service:Uploaded after_tile_r0002_c0041.png -> new_delhi/after/Images/after_tile_r0002_c0041_1.png
INFO:app.dda.tree.image_service:Uploaded after_tile_r0002_c0042.png -> new_delhi/after/Images/after_tile_r0002_c0042_1.png
INFO:app.dda.tree.image_service:Uploaded after_tile_r0002_c0043.png -> new_delhi/after/Images/after_tile_r0002_c0043_1.png
INFO:app.dda.tree.image_service:Uploaded after_tile_r0002_c0044.png -> new_delhi/after/Images/after_tile_r0002_c0044_1.png
INFO:app.dda.tree.image_service:Uploaded after_tile_r0002_c0045.png -> new_delhi/after/Images/after_tile_r0002_c0045_1.png
INFO:app.dda.tree.image_service:Uploaded after_tile_r0002_c0046.png -> new_delhi/after/Images/after_tile_r0002_c0046_1.png
INFO:app.dda.tree.image_service:Uploaded after_tile_r0002_c0047.png -> new_delhi/after/Images/after_tile_r0002_c0047_1.png
INFO:app.dda.tree.image_service:Uploaded after_tile_r0002_c0048.png -> new_delhi/after/Images/after_tile_r0002_c0048_1.png
INFO:app.dda.tree.image_service:Uploaded after_tile_r0002_c0049.png -> new_delhi/after/Images/after_tile_r0002_c0049_1.png
INFO:app.dda.tree.image_service:Uploaded after_tile_r0002_c0050.png -> new_delhi/after/Images/after_tile_r0002_c0050_1.png
INFO:app.dda.tree.image_service:Uploaded after_tile_r0002_c0051.png -> new_delhi/after/Images/after_tile_r0002_c0051_1.png
INFO:app.dda.tree.image_service:Uploaded after_tile_r0002_c0052.png -> new_delhi/after/Images/after_tile_r0002_c0052_1.png
INFO:app.dda.tree.image_service:Uploaded after_tile_r0002_c0053.png -> new_delhi/after/Images/after_tile_r0002_c0053_1.png
INFO:app.dda.tree.image_service:Uploaded after_tile_r0002_c0054.png -> new_delhi/after/Images/after_tile_r0002_c0054_1.png
INFO:app.dda.tree.image_service:Uploaded after_tile_r0002_c0055.png -> new_delhi/after/Images/after_tile_r0002_c0055_1.png
INFO:app.dda.tree.image_service:Uploaded after_tile_r0002_c0056.png -> new_delhi/after/Images/after_tile_r0002_c0056_1.png
INFO:app.dda.tree.image_service:Uploaded after_tile_r0002_c0057.png -> new_delhi/after/Images/after_tile_r0002_c0057_1.png
INFO:app.dda.tree.image_service:Uploaded after_tile_r0002_c0058.png -> new_delhi/after/Images/after_tile_r0002_c0058_1.png
INFO:app.dda.tree.image_service:Uploaded after_tile_r0002_c0059.png -> new_delhi/after/Images/after_tile_r0002_c0059_1.png
INFO:app.dda.tree.image_service:Uploaded after_tile_r0002_c0060.png -> new_delhi/after/Images/after_tile_r0002_c0060_1.png
INFO:app.dda.tree.image_service:Uploaded after_tile_r0002_c0061.png -> new_delhi/after/Images/after_tile_r0002_c0061_1.png
INFO:app.dda.tree.image_service:Uploaded after_tile_r0002_c0062.png -> new_delhi/after/Images/after_tile_r0002_c0062_1.png
INFO:app.dda.tree.image_service:Uploaded after_tile_r0002_c0063.png -> new_delhi/after/Images/after_tile_r0002_c0063_1.png
INFO:app.dda.tree.image_service:Uploaded after_tile_r0002_c0064.png -> new_delhi/after/Images/after_tile_r0002_c0064_1.png
INFO:app.dda.tree.image_service:Uploaded after_tile_r0002_c0065.png -> new_delhi/after/Images/after_tile_r0002_c0065_1.png
INFO:app.dda.tree.image_service:Uploaded after_tile_r0002_c0066.png -> new_delhi/after/Images/after_tile_r0002_c0066_1.png
INFO:app.dda.tree.image_service:Uploaded after_tile_r0002_c0067.png -> new_delhi/after/Images/after_tile_r0002_c0067_1.png
INFO:app.dda.tree.image_service:Uploaded after_tile_r0002_c0068.png -> new_delhi/after/Images/after_tile_r0002_c0068_1.png
INFO:app.dda.tree.image_service:Uploaded after_tile_r0002_c0069.png -> new_delhi/after/Images/after_tile_r0002_c0069_1.png
INFO:app.dda.tree.image_service:Uploaded after_tile_r0002_c0070.png -> new_delhi/after/Images/after_tile_r0002_c0070_1.png
INFO:app.dda.tree.image_service:Uploaded after_tile_r0002_c0071.png -> new_delhi/after/Images/after_tile_r0002_c0071_1.png
INFO:app.dda.tree.image_service:Uploaded after_tile_r0002_c0072.png -> new_delhi/after/Images/after_tile_r0002_c0072_1.png
INFO:app.dda.tree.image_service:Uploaded after_tile_r0002_c0073.png -> new_delhi/after/Images/after_tile_r0002_c0073_1.png
INFO:app.dda.tree.image_service:Uploaded after_tile_r0002_c0074.png -> new_delhi/after/Images/after_tile_r0002_c0074_1.png
INFO:app.dda.tree.image_service:Uploaded after_tile_r0002_c0075.png -> new_delhi/after/Images/after_tile_r0002_c0075_1.png
INFO:app.dda.tree.image_service:Uploaded after_tile_r0002_c0076.png -> new_delhi/after/Images/after_tile_r0002_c0076_1.png
INFO:app.dda.tree.image_service:Uploaded after_tile_r0002_c0077.png -> new_delhi/after/Images/after_tile_r0002_c0077_1.png
INFO:app.dda.tree.image_service:Uploaded after_tile_r0002_c0078.png -> new_delhi/after/Images/after_tile_r0002_c0078_1.png
INFO:app.dda.tree.image_service:Uploaded after_tile_r0002_c0079.png -> new_delhi/after/Images/after_tile_r0002_c0079_1.png
INFO:app.dda.tree.image_service:Uploaded after_tile_r0002_c0080.png -> new_delhi/after/Images/after_tile_r0002_c0080_1.png
INFO:app.dda.tree.image_service:Uploaded after_tile_r0002_c0081.png -> new_delhi/after/Images/after_tile_r0002_c0081_1.png
INFO:app.dda.tree.image_service:Uploaded after_tile_r0002_c0082.png -> new_delhi/after/Images/after_tile_r0002_c0082_1.png
INFO:app.dda.tree.image_service:Uploaded after_tile_r0002_c0083.png -> new_delhi/after/Images/after_tile_r0002_c0083_1.png
INFO:app.dda.tree.image_service:Uploaded after_tile_r0002_c0084.png -> new_delhi/after/Images/after_tile_r0002_c0084_1.png
INFO:app.dda.tree.image_service:Uploaded after_tile_r0002_c0085.png -> new_delhi/after/Images/after_tile_r0002_c0085_1.png
INFO:app.dda.tree.image_service:Uploaded after_tile_r0002_c0086.png -> new_delhi/after/Images/after_tile_r0002_c0086_1.png
INFO:app.dda.tree.image_service:Uploaded after_tile_r0002_c0087.png -> new_delhi/after/Images/after_tile_r0002_c0087_1.png
INFO:app.dda.tree.image_service:Uploaded after_tile_r0002_c0088.png -> new_delhi/after/Images/after_tile_r0002_c0088_1.png
INFO:app.dda.tree.image_service:Uploaded after_tile_r0002_c0089.png -> new_delhi/after/Images/after_tile_r0002_c0089_1.png
INFO:app.dda.tree.image_service:Uploaded after_tile_r0002_c0090.png -> new_delhi/after/Images/after_tile_r0002_c0090_1.png
INFO:app.dda.tree.image_service:Uploaded after_tile_r0002_c0091.png -> new_delhi/after/Images/after_tile_r0002_c0091_1.png
INFO:app.dda.tree.image_service:Uploaded after_tile_r0003_c0000.png -> new_delhi/after/Images/after_tile_r0003_c0000_1.png
INFO:app.dda.tree.image_service:Uploaded after_tile_r0003_c0001.png -> new_delhi/after/Images/after_tile_r0003_c0001_1.png
INFO:app.dda.tree.image_service:Uploaded after_tile_r0003_c0002.png -> new_delhi/after/Images/after_tile_r0003_c0002_1.png
INFO:app.dda.tree.image_service:Uploaded after_tile_r0003_c0003.png -> new_delhi/after/Images/after_tile_r0003_c0003_1.png
INFO:app.dda.tree.image_service:Uploaded after_tile_r0003_c0004.png -> new_delhi/after/Images/after_tile_r0003_c0004_1.png
INFO:app.dda.tree.image_service:Uploaded after_tile_r0003_c0005.png -> new_delhi/after/Images/after_tile_r0003_c0005_1.png
INFO:app.dda.tree.image_service:Uploaded after_tile_r0003_c0006.png -> new_delhi/after/Images/after_tile_r0003_c0006_1.png
INFO:app.dda.tree.image_service:Uploaded after_tile_r0003_c0007.png -> new_delhi/after/Images/after_tile_r0003_c0007_1.png
INFO:app.dda.tree.image_service:Uploaded after_tile_r0003_c0008.png -> new_delhi/after/Images/after_tile_r0003_c0008_1.png
INFO:app.dda.tree.image_service:Uploaded after_tile_r0003_c0009.png -> new_delhi/after/Images/after_tile_r0003_c0009_1.png
INFO:app.dda.tree.image_service:Uploaded after_tile_r0003_c0010.png -> new_delhi/after/Images/after_tile_r0003_c0010_1.png
INFO:app.dda.tree.image_service:Uploaded after_tile_r0003_c0011.png -> new_delhi/after/Images/after_tile_r0003_c0011_1.png
INFO:app.dda.tree.image_service:Uploaded after_tile_r0003_c0012.png -> new_delhi/after/Images/after_tile_r0003_c0012_1.png
INFO:app.dda.tree.image_service:Uploaded after_tile_r0003_c0013.png -> new_delhi/after/Images/after_tile_r0003_c0013_1.png
INFO:app.dda.tree.image_service:Uploaded after_tile_r0003_c0014.png -> new_delhi/after/Images/after_tile_r0003_c0014_1.png
INFO:app.dda.tree.image_service:Uploaded after_tile_r0003_c0015.png -> new_delhi/after/Images/after_tile_r0003_c0015_1.png
INFO:app.dda.tree.image_service:Uploaded after_tile_r0003_c0016.png -> new_delhi/after/Images/after_tile_r0003_c0016_1.png
INFO:app.dda.tree.image_service:Uploaded after_tile_r0003_c0017.png -> new_delhi/after/Images/after_tile_r0003_c0017_1.png
INFO:app.dda.tree.image_service:Uploaded after_tile_r0003_c0018.png -> new_delhi/after/Images/after_tile_r0003_c0018_1.png
INFO:app.dda.tree.image_service:Uploaded after_tile_r0003_c0019.png -> new_delhi/after/Images/after_tile_r0003_c0019_1.png
INFO:app.dda.tree.image_service:Uploaded after_tile_r0003_c0020.png -> new_delhi/after/Images/after_tile_r0003_c0020_1.png
INFO:app.dda.tree.image_service:Uploaded after_tile_r0003_c0021.png -> new_delhi/after/Images/after_tile_r0003_c0021_1.png
INFO:app.dda.tree.image_service:Uploaded after_tile_r0003_c0022.png -> new_delhi/after/Images/after_tile_r0003_c0022_1.png
INFO:app.dda.tree.image_service:Uploaded after_tile_r0003_c0023.png -> new_delhi/after/Images/after_tile_r0003_c0023_1.png
INFO:app.dda.tree.image_service:Uploaded after_tile_r0003_c0024.png -> new_delhi/after/Images/after_tile_r0003_c0024_1.png
INFO:app.dda.tree.image_service:Uploaded after_tile_r0003_c0025.png -> new_delhi/after/Images/after_tile_r0003_c0025_1.png
INFO:app.dda.tree.image_service:Uploaded after_tile_r0003_c0026.png -> new_delhi/after/Images/after_tile_r0003_c0026_1.png
INFO:app.dda.tree.image_service:Uploaded after_tile_r0003_c0027.png -> new_delhi/after/Images/after_tile_r0003_c0027_1.png
INFO:app.dda.tree.image_service:Uploaded after_tile_r0003_c0028.png -> new_delhi/after/Images/after_tile_r0003_c0028_1.png
INFO:app.dda.tree.image_service:Uploaded after_tile_r0003_c0029.png -> new_delhi/after/Images/after_tile_r0003_c0029_1.png
INFO:app.dda.tree.image_service:Uploaded after_tile_r0003_c0030.png -> new_delhi/after/Images/after_tile_r0003_c0030_1.png
INFO:app.dda.tree.image_service:Uploaded after_tile_r0003_c0031.png -> new_delhi/after/Images/after_tile_r0003_c0031_1.png
INFO:app.dda.tree.image_service:Uploaded after_tile_r0003_c0032.png -> new_delhi/after/Images/after_tile_r0003_c0032_1.png
INFO:app.dda.tree.image_service:Uploaded after_tile_r0003_c0033.png -> new_delhi/after/Images/after_tile_r0003_c0033_1.png
INFO:app.dda.tree.image_service:Uploaded after_tile_r0003_c0034.png -> new_delhi/after/Images/after_tile_r0003_c0034_1.png
INFO:app.dda.tree.image_service:Uploaded after_tile_r0003_c0035.png -> new_delhi/after/Images/after_tile_r0003_c0035_1.png
INFO:app.dda.tree.image_service:Uploaded after_tile_r0003_c0036.png -> new_delhi/after/Images/after_tile_r0003_c0036_1.png
INFO:app.dda.tree.image_service:Uploaded after_tile_r0003_c0037.png -> new_delhi/after/Images/after_tile_r0003_c0037_1.png
INFO:app.dda.tree.image_service:Uploaded after_tile_r0003_c0038.png -> new_delhi/after/Images/after_tile_r0003_c0038_1.png
INFO:app.dda.tree.image_service:Uploaded after_tile_r0003_c0039.png -> new_delhi/after/Images/after_tile_r0003_c0039_1.png
INFO:app.dda.tree.image_service:Uploaded after_tile_r0003_c0040.png -> new_delhi/after/Images/after_tile_r0003_c0040_1.png
INFO:app.dda.tree.image_service:Uploaded after_tile_r0003_c0041.png -> new_delhi/after/Images/after_tile_r0003_c0041_1.png
INFO:app.dda.tree.image_service:Uploaded after_tile_r0003_c0042.png -> new_delhi/after/Images/after_tile_r0003_c0042_1.png
INFO:app.dda.tree.image_service:Uploaded after_tile_r0003_c0043.png -> new_delhi/after/Images/after_tile_r0003_c0043_1.png
INFO:app.dda.tree.image_service:Uploaded after_tile_r0003_c0044.png -> new_delhi/after/Images/after_tile_r0003_c0044_1.png
INFO:app.dda.tree.image_service:Uploaded after_tile_r0003_c0045.png -> new_delhi/after/Images/after_tile_r0003_c0045_1.png
INFO:app.dda.tree.image_service:Uploaded after_tile_r0003_c0046.png -> new_delhi/after/Images/after_tile_r0003_c0046_1.png
INFO:app.dda.tree.image_service:Uploaded after_tile_r0003_c0047.png -> new_delhi/after/Images/after_tile_r0003_c0047_1.png
INFO:app.dda.tree.image_service:Uploaded after_tile_r0003_c0048.png -> new_delhi/after/Images/after_tile_r0003_c0048_1.png
INFO:app.dda.tree.image_service:Uploaded after_tile_r0003_c0049.png -> new_delhi/after/Images/after_tile_r0003_c0049_1.png
INFO:app.dda.tree.image_service:Uploaded after_tile_r0003_c0050.png -> new_delhi/after/Images/after_tile_r0003_c0050_1.png
INFO:app.dda.tree.image_service:Uploaded after_tile_r0003_c0051.png -> new_delhi/after/Images/after_tile_r0003_c0051_1.png
INFO:app.dda.tree.image_service:Uploaded after_tile_r0003_c0052.png -> new_delhi/after/Images/after_tile_r0003_c0052_1.png
INFO:app.dda.tree.image_service:Uploaded after_tile_r0003_c0053.png -> new_delhi/after/Images/after_tile_r0003_c0053_1.png
INFO:app.dda.tree.image_service:Uploaded after_tile_r0003_c0054.png -> new_delhi/after/Images/after_tile_r0003_c0054_1.png
INFO:app.dda.tree.image_service:Uploaded after_tile_r0003_c0055.png -> new_delhi/after/Images/after_tile_r0003_c0055_1.png
INFO:app.dda.tree.image_service:Uploaded after_tile_r0003_c0056.png -> new_delhi/after/Images/after_tile_r0003_c0056_1.png
INFO:app.dda.tree.image_service:Uploaded after_tile_r0003_c0057.png -> new_delhi/after/Images/after_tile_r0003_c0057_1.png
INFO:app.dda.tree.image_service:Uploaded after_tile_r0003_c0058.png -> new_delhi/after/Images/after_tile_r0003_c0058_1.png
INFO:app.dda.tree.image_service:Uploaded after_tile_r0003_c0059.png -> new_delhi/after/Images/after_tile_r0003_c0059_1.png
INFO:app.dda.tree.image_service:Uploaded after_tile_r0003_c0060.png -> new_delhi/after/Images/after_tile_r0003_c0060_1.png
INFO:app.dda.tree.image_service:Uploaded after_tile_r0003_c0061.png -> new_delhi/after/Images/after_tile_r0003_c0061_1.png
INFO:app.dda.tree.image_service:Uploaded after_tile_r0003_c0062.png -> new_delhi/after/Images/after_tile_r0003_c0062_1.png
INFO:app.dda.tree.image_service:Uploaded after_tile_r0003_c0063.png -> new_delhi/after/Images/after_tile_r0003_c0063_1.png
INFO:app.dda.tree.image_service:Uploaded after_tile_r0003_c0064.png -> new_delhi/after/Images/after_tile_r0003_c0064_1.png
INFO:app.dda.tree.image_service:Uploaded after_tile_r0003_c0065.png -> new_delhi/after/Images/after_tile_r0003_c0065_1.png
INFO:app.dda.tree.image_service:Uploaded after_tile_r0003_c0066.png -> new_delhi/after/Images/after_tile_r0003_c0066_1.png
INFO:app.dda.tree.image_service:Uploaded after_tile_r0003_c0067.png -> new_delhi/after/Images/after_tile_r0003_c0067_1.png
INFO:app.dda.tree.image_service:Uploaded after_tile_r0003_c0068.png -> new_delhi/after/Images/after_tile_r0003_c0068_1.png
INFO:app.dda.tree.image_service:Uploaded after_tile_r0003_c0069.png -> new_delhi/after/Images/after_tile_r0003_c0069_1.png
INFO:app.dda.tree.image_service:Uploaded after_tile_r0003_c0070.png -> new_delhi/after/Images/after_tile_r0003_c0070_1.png
INFO:app.dda.tree.image_service:Uploaded after_tile_r0003_c0071.png -> new_delhi/after/Images/after_tile_r0003_c0071_1.png
INFO:app.dda.tree.image_service:Uploaded after_tile_r0003_c0072.png -> new_delhi/after/Images/after_tile_r0003_c0072_1.png
INFO:app.dda.tree.image_service:Uploaded after_tile_r0003_c0073.png -> new_delhi/after/Images/after_tile_r0003_c0073_1.png
INFO:app.dda.tree.image_service:Uploaded after_tile_r0003_c0074.png -> new_delhi/after/Images/after_tile_r0003_c0074_1.png
INFO:app.dda.tree.image_service:Uploaded after_tile_r0003_c0075.png -> new_delhi/after/Images/after_tile_r0003_c0075_1.png
INFO:app.dda.tree.image_service:Uploaded after_tile_r0003_c0076.png -> new_delhi/after/Images/after_tile_r0003_c0076_1.png
INFO:app.dda.tree.image_service:Uploaded after_tile_r0003_c0077.png -> new_delhi/after/Images/after_tile_r0003_c0077_1.png
INFO:app.dda.tree.image_service:Uploaded after_tile_r0003_c0078.png -> new_delhi/after/Images/after_tile_r0003_c0078_1.png
INFO:app.dda.tree.image_service:Uploaded after_tile_r0003_c0079.png -> new_delhi/after/Images/after_tile_r0003_c0079_1.png
INFO:app.dda.tree.image_service:Uploaded after_tile_r0003_c0080.png -> new_delhi/after/Images/after_tile_r0003_c0080_1.png
INFO:app.dda.tree.image_service:Uploaded after_tile_r0003_c0081.png -> new_delhi/after/Images/after_tile_r0003_c0081_1.png
INFO:app.dda.tree.image_service:Uploaded after_tile_r0003_c0082.png -> new_delhi/after/Images/after_tile_r0003_c0082_1.png
INFO:app.dda.tree.image_service:Uploaded after_tile_r0003_c0083.png -> new_delhi/after/Images/after_tile_r0003_c0083_1.png
INFO:app.dda.tree.image_service:Uploaded after_tile_r0003_c0084.png -> new_delhi/after/Images/after_tile_r0003_c0084_1.png
INFO:app.dda.tree.image_service:Uploaded after_tile_r0003_c0085.png -> new_delhi/after/Images/after_tile_r0003_c0085_1.png
INFO:app.dda.tree.image_service:Uploaded after_tile_r0003_c0086.png -> new_delhi/after/Images/after_tile_r0003_c0086_1.png
INFO:app.dda.tree.image_service:Uploaded after_tile_r0003_c0087.png -> new_delhi/after/Images/after_tile_r0003_c0087_1.png
INFO:app.dda.tree.image_service:Uploaded after_tile_r0003_c0088.png -> new_delhi/after/Images/after_tile_r0003_c0088_1.png
INFO:app.dda.tree.image_service:Uploaded after_tile_r0003_c0089.png -> new_delhi/after/Images/after_tile_r0003_c0089_1.png
INFO:app.dda.tree.image_service:Uploaded after_tile_r0003_c0090.png -> new_delhi/after/Images/after_tile_r0003_c0090_1.png
INFO:app.dda.tree.image_service:Uploaded after_tile_r0003_c0091.png -> new_delhi/after/Images/after_tile_r0003_c0091_1.png
INFO:app.dda.tree.image_service:Uploaded after_tile_r0004_c0000.png -> new_delhi/after/Images/after_tile_r0004_c0000_1.png
INFO:app.dda.tree.image_service:Uploaded after_tile_r0004_c0001.png -> new_delhi/after/Images/after_tile_r0004_c0001_1.png
INFO:app.dda.tree.image_service:Uploaded after_tile_r0004_c0002.png -> new_delhi/after/Images/after_tile_r0004_c0002_1.png
INFO:app.dda.tree.image_service:Uploaded after_tile_r0004_c0003.png -> new_delhi/after/Images/after_tile_r0004_c0003_1.png
INFO:app.dda.tree.image_service:Uploaded after_tile_r0004_c0004.png -> new_delhi/after/Images/after_tile_r0004_c0004_1.png
INFO:app.dda.tree.image_service:Uploaded after_tile_r0004_c0005.png -> new_delhi/after/Images/after_tile_r0004_c0005_1.png
INFO:app.dda.tree.image_service:Uploaded after_tile_r0004_c0006.png -> new_delhi/after/Images/after_tile_r0004_c0006_1.png
INFO:app.dda.tree.image_service:Uploaded after_tile_r0004_c0007.png -> new_delhi/after/Images/after_tile_r0004_c0007_1.png
INFO:app.dda.tree.image_service:Uploaded after_tile_r0004_c0008.png -> new_delhi/after/Images/after_tile_r0004_c0008_1.png
INFO:app.dda.tree.image_service:Uploaded after_tile_r0004_c0009.png -> new_delhi/after/Images/after_tile_r0004_c0009_1.png
INFO:app.dda.tree.image_service:Uploaded after_tile_r0004_c0010.png -> new_delhi/after/Images/after_tile_r0004_c0010_1.png
INFO:app.dda.tree.image_service:Uploaded after_tile_r0004_c0011.png -> new_delhi/after/Images/after_tile_r0004_c0011_1.png
INFO:app.dda.tree.image_service:Uploaded after_tile_r0004_c0012.png -> new_delhi/after/Images/after_tile_r0004_c0012_1.png
INFO:app.dda.tree.image_service:Uploaded after_tile_r0004_c0013.png -> new_delhi/after/Images/after_tile_r0004_c0013_1.png
INFO:app.dda.tree.image_service:Uploaded after_tile_r0004_c0014.png -> new_delhi/after/Images/after_tile_r0004_c0014_1.png
INFO:app.dda.tree.image_service:Uploaded after_tile_r0004_c0015.png -> new_delhi/after/Images/after_tile_r0004_c0015_1.png
INFO:app.dda.tree.image_service:Uploaded after_tile_r0004_c0016.png -> new_delhi/after/Images/after_tile_r0004_c0016_1.png
INFO:app.dda.tree.image_service:Uploaded after_tile_r0004_c0017.png -> new_delhi/after/Images/after_tile_r0004_c0017_1.png
INFO:app.dda.tree.image_service:Uploaded after_tile_r0004_c0018.png -> new_delhi/after/Images/after_tile_r0004_c0018_1.png
INFO:app.dda.tree.image_service:Uploaded after_tile_r0004_c0019.png -> new_delhi/after/Images/after_tile_r0004_c0019_1.png
INFO:app.dda.tree.image_service:Uploaded after_tile_r0004_c0020.png -> new_delhi/after/Images/after_tile_r0004_c0020_1.png
INFO:app.dda.tree.image_service:Uploaded after_tile_r0004_c0021.png -> new_delhi/after/Images/after_tile_r0004_c0021_1.png
INFO:app.dda.tree.image_service:Uploaded after_tile_r0004_c0022.png -> new_delhi/after/Images/after_tile_r0004_c0022_1.png
INFO:app.dda.tree.image_service:Uploaded after_tile_r0004_c0023.png -> new_delhi/after/Images/after_tile_r0004_c0023_1.png
INFO:app.dda.tree.image_service:Uploaded after_tile_r0004_c0024.png -> new_delhi/after/Images/after_tile_r0004_c0024_1.png
INFO:app.dda.tree.image_service:Uploaded after_tile_r0004_c0025.png -> new_delhi/after/Images/after_tile_r0004_c0025_1.png
INFO:app.dda.tree.image_service:Uploaded after_tile_r0004_c0026.png -> new_delhi/after/Images/after_tile_r0004_c0026_1.png
INFO:app.dda.tree.image_service:Uploaded after_tile_r0004_c0027.png -> new_delhi/after/Images/after_tile_r0004_c0027_1.png
INFO:app.dda.tree.image_service:Uploaded after_tile_r0004_c0028.png -> new_delhi/after/Images/after_tile_r0004_c0028_1.png
INFO:app.dda.tree.image_service:Uploaded after_tile_r0004_c0029.png -> new_delhi/after/Images/after_tile_r0004_c0029_1.png
INFO:app.dda.tree.image_service:Uploaded after_tile_r0004_c0030.png -> new_delhi/after/Images/after_tile_r0004_c0030_1.png
INFO:app.dda.tree.image_service:Uploaded after_tile_r0004_c0031.png -> new_delhi/after/Images/after_tile_r0004_c0031_1.png
INFO:app.dda.tree.image_service:Uploaded after_tile_r0004_c0032.png -> new_delhi/after/Images/after_tile_r0004_c0032_1.png
INFO:app.dda.tree.image_service:Uploaded after_tile_r0004_c0033.png -> new_delhi/after/Images/after_tile_r0004_c0033_1.png
INFO:app.dda.tree.image_service:Uploaded after_tile_r0004_c0034.png -> new_delhi/after/Images/after_tile_r0004_c0034_1.png
INFO:app.dda.tree.image_service:Uploaded after_tile_r0004_c0035.png -> new_delhi/after/Images/after_tile_r0004_c0035_1.png
INFO:app.dda.tree.image_service:Uploaded after_tile_r0004_c0036.png -> new_delhi/after/Images/after_tile_r0004_c0036_1.png
INFO:app.dda.tree.image_service:Uploaded after_tile_r0004_c0037.png -> new_delhi/after/Images/after_tile_r0004_c0037_1.png
INFO:app.dda.tree.image_service:Uploaded after_tile_r0004_c0038.png -> new_delhi/after/Images/after_tile_r0004_c0038_1.png
INFO:app.dda.tree.image_service:Uploaded after_tile_r0004_c0039.png -> new_delhi/after/Images/after_tile_r0004_c0039_1.png
INFO:app.dda.tree.image_service:Uploaded after_tile_r0004_c0040.png -> new_delhi/after/Images/after_tile_r0004_c0040_1.png
INFO:app.dda.tree.image_service:Uploaded after_tile_r0004_c0041.png -> new_delhi/after/Images/after_tile_r0004_c0041_1.png
INFO:app.dda.tree.image_service:Uploaded after_tile_r0004_c0042.png -> new_delhi/after/Images/after_tile_r0004_c0042_1.png
INFO:app.dda.tree.image_service:Uploaded after_tile_r0004_c0043.png -> new_delhi/after/Images/after_tile_r0004_c0043_1.png
INFO:app.dda.tree.image_service:Uploaded after_tile_r0004_c0044.png -> new_delhi/after/Images/after_tile_r0004_c0044_1.png
INFO:app.dda.tree.image_service:Uploaded after_tile_r0004_c0045.png -> new_delhi/after/Images/after_tile_r0004_c0045_1.png
INFO:app.dda.tree.image_service:Uploaded after_tile_r0004_c0046.png -> new_delhi/after/Images/after_tile_r0004_c0046_1.png
INFO:app.dda.tree.image_service:Uploaded after_tile_r0004_c0047.png -> new_delhi/after/Images/after_tile_r0004_c0047_1.png
INFO:app.dda.tree.image_service:Uploaded after_tile_r0004_c0048.png -> new_delhi/after/Images/after_tile_r0004_c0048_1.png
INFO:app.dda.tree.image_service:Uploaded after_tile_r0004_c0049.png -> new_delhi/after/Images/after_tile_r0004_c0049_1.png
INFO:app.dda.tree.image_service:Uploaded after_tile_r0004_c0050.png -> new_delhi/after/Images/after_tile_r0004_c0050_1.png
INFO:app.dda.tree.image_service:Uploaded after_tile_r0004_c0051.png -> new_delhi/after/Images/after_tile_r0004_c0051_1.png
INFO:app.dda.tree.image_service:Uploaded after_tile_r0004_c0052.png -> new_delhi/after/Images/after_tile_r0004_c0052_1.png
INFO:app.dda.tree.image_service:Uploaded after_tile_r0004_c0053.png -> new_delhi/after/Images/after_tile_r0004_c0053_1.png
INFO:app.dda.tree.image_service:Uploaded after_tile_r0004_c0054.png -> new_delhi/after/Images/after_tile_r0004_c0054_1.png
INFO:app.dda.tree.image_service:Uploaded after_tile_r0004_c0055.png -> new_delhi/after/Images/after_tile_r0004_c0055_1.png
INFO:app.dda.tree.image_service:Uploaded after_tile_r0004_c0056.png -> new_delhi/after/Images/after_tile_r0004_c0056_1.png
INFO:app.dda.tree.image_service:Uploaded after_tile_r0004_c0057.png -> new_delhi/after/Images/after_tile_r0004_c0057_1.png
INFO:app.dda.tree.image_service:Uploaded after_tile_r0004_c0058.png -> new_delhi/after/Images/after_tile_r0004_c0058_1.png
INFO:app.dda.tree.image_service:Uploaded after_tile_r0004_c0059.png -> new_delhi/after/Images/after_tile_r0004_c0059_1.png
INFO:app.dda.tree.image_service:Uploaded after_tile_r0004_c0060.png -> new_delhi/after/Images/after_tile_r0004_c0060_1.png
INFO:app.dda.tree.image_service:Uploaded after_tile_r0004_c0061.png -> new_delhi/after/Images/after_tile_r0004_c0061_1.png
INFO:app.dda.tree.image_service:Uploaded after_tile_r0004_c0062.png -> new_delhi/after/Images/after_tile_r0004_c0062_1.png
INFO:app.dda.tree.image_service:Uploaded after_tile_r0004_c0063.png -> new_delhi/after/Images/after_tile_r0004_c0063_1.png
INFO:app.dda.tree.image_service:Uploaded after_tile_r0004_c0064.png -> new_delhi/after/Images/after_tile_r0004_c0064_1.png
INFO:app.dda.tree.image_service:Uploaded after_tile_r0004_c0065.png -> new_delhi/after/Images/after_tile_r0004_c0065_1.png
INFO:app.dda.tree.image_service:Uploaded after_tile_r0004_c0066.png -> new_delhi/after/Images/after_tile_r0004_c0066_1.png
INFO:app.dda.tree.image_service:Uploaded after_tile_r0004_c0067.png -> new_delhi/after/Images/after_tile_r0004_c0067_1.png
INFO:app.dda.tree.image_service:Uploaded after_tile_r0004_c0068.png -> new_delhi/after/Images/after_tile_r0004_c0068_1.png
INFO:app.dda.tree.image_service:Uploaded after_tile_r0004_c0069.png -> new_delhi/after/Images/after_tile_r0004_c0069_1.png
INFO:app.dda.tree.image_service:Uploaded after_tile_r0004_c0070.png -> new_delhi/after/Images/after_tile_r0004_c0070_1.png
INFO:app.dda.tree.image_service:Uploaded after_tile_r0004_c0071.png -> new_delhi/after/Images/after_tile_r0004_c0071_1.png
INFO:app.dda.tree.image_service:Uploaded after_tile_r0004_c0072.png -> new_delhi/after/Images/after_tile_r0004_c0072_1.png
INFO:app.dda.tree.image_service:Uploaded after_tile_r0004_c0073.png -> new_delhi/after/Images/after_tile_r0004_c0073_1.png
INFO:app.dda.tree.image_service:Uploaded after_tile_r0004_c0074.png -> new_delhi/after/Images/after_tile_r0004_c0074_1.png
INFO:app.dda.tree.image_service:Uploaded after_tile_r0004_c0075.png -> new_delhi/after/Images/after_tile_r0004_c0075_1.png
INFO:app.dda.tree.image_service:Uploaded after_tile_r0004_c0076.png -> new_delhi/after/Images/after_tile_r0004_c0076_1.png
INFO:app.dda.tree.image_service:Uploaded after_tile_r0004_c0077.png -> new_delhi/after/Images/after_tile_r0004_c0077_1.png
INFO:app.dda.tree.image_service:Uploaded after_tile_r0004_c0078.png -> new_delhi/after/Images/after_tile_r0004_c0078_1.png
INFO:app.dda.tree.image_service:Uploaded after_tile_r0004_c0079.png -> new_delhi/after/Images/after_tile_r0004_c0079_1.png
INFO:app.dda.tree.image_service:Uploaded after_tile_r0004_c0080.png -> new_delhi/after/Images/after_tile_r0004_c0080_1.png
INFO:app.dda.tree.image_service:Uploaded after_tile_r0004_c0081.png -> new_delhi/after/Images/after_tile_r0004_c0081_1.png
INFO:app.dda.tree.image_service:Uploaded after_tile_r0004_c0082.png -> new_delhi/after/Images/after_tile_r0004_c0082_1.png
INFO:app.dda.tree.image_service:Uploaded after_tile_r0004_c0083.png -> new_delhi/after/Images/after_tile_r0004_c0083_1.png
INFO:app.dda.tree.image_service:Uploaded after_tile_r0004_c0084.png -> new_delhi/after/Images/after_tile_r0004_c0084_1.png
INFO:app.dda.tree.image_service:Uploaded after_tile_r0004_c0085.png -> new_delhi/after/Images/after_tile_r0004_c0085_1.png
INFO:app.dda.tree.image_service:Uploaded after_tile_r0004_c0086.png -> new_delhi/after/Images/after_tile_r0004_c0086_1.png
INFO:app.dda.tree.image_service:Uploaded after_tile_r0004_c0087.png -> new_delhi/after/Images/after_tile_r0004_c0087_1.png
INFO:app.dda.tree.image_service:Uploaded after_tile_r0004_c0088.png -> new_delhi/after/Images/after_tile_r0004_c0088_1.png
INFO:app.dda.tree.image_service:Uploaded after_tile_r0004_c0089.png -> new_delhi/after/Images/after_tile_r0004_c0089_1.png
INFO:app.dda.tree.image_service:Uploaded after_tile_r0004_c0090.png -> new_delhi/after/Images/after_tile_r0004_c0090_1.png
INFO:app.dda.tree.image_service:Uploaded after_tile_r0004_c0091.png -> new_delhi/after/Images/after_tile_r0004_c0091_1.png
INFO:app.dda.tree.image_service:Uploaded after_tile_r0005_c0000.png -> new_delhi/after/Images/after_tile_r0005_c0000_1.png
INFO:app.dda.tree.image_service:Uploaded after_tile_r0005_c0001.png -> new_delhi/after/Images/after_tile_r0005_c0001_1.png
INFO:app.dda.tree.image_service:Uploaded after_tile_r0005_c0002.png -> new_delhi/after/Images/after_tile_r0005_c0002_1.png
INFO:app.dda.tree.image_service:Uploaded after_tile_r0005_c0003.png -> new_delhi/after/Images/after_tile_r0005_c0003_1.png
INFO:app.dda.tree.image_service:Uploaded after_tile_r0005_c0004.png -> new_delhi/after/Images/after_tile_r0005_c0004_1.png
INFO:app.dda.tree.image_service:Uploaded after_tile_r0005_c0005.png -> new_delhi/after/Images/after_tile_r0005_c0005_1.png
INFO:app.dda.tree.image_service:Uploaded after_tile_r0005_c0006.png -> new_delhi/after/Images/after_tile_r0005_c0006_1.png
INFO:app.dda.tree.image_service:Uploaded after_tile_r0005_c0007.png -> new_delhi/after/Images/after_tile_r0005_c0007_1.png
INFO:app.dda.tree.image_service:Uploaded after_tile_r0005_c0008.png -> new_delhi/after/Images/after_tile_r0005_c0008_1.png
INFO:app.dda.tree.image_service:Uploaded after_tile_r0005_c0009.png -> new_delhi/after/Images/after_tile_r0005_c0009_1.png
INFO:app.dda.tree.image_service:Uploaded after_tile_r0005_c0010.png -> new_delhi/after/Images/after_tile_r0005_c0010_1.png
INFO:app.dda.tree.image_service:Uploaded after_tile_r0005_c0011.png -> new_delhi/after/Images/after_tile_r0005_c0011_1.png
INFO:app.dda.tree.image_service:Uploaded after_tile_r0005_c0012.png -> new_delhi/after/Images/after_tile_r0005_c0012_1.png
INFO:app.dda.tree.image_service:Uploaded after_tile_r0005_c0013.png -> new_delhi/after/Images/after_tile_r0005_c0013_1.png
INFO:app.dda.tree.image_service:Uploaded after_tile_r0005_c0014.png -> new_delhi/after/Images/after_tile_r0005_c0014_1.png
INFO:app.dda.tree.image_service:Uploaded after_tile_r0005_c0015.png -> new_delhi/after/Images/after_tile_r0005_c0015_1.png
INFO:app.dda.tree.image_service:Uploaded after_tile_r0005_c0016.png -> new_delhi/after/Images/after_tile_r0005_c0016_1.png
INFO:app.dda.tree.image_service:Uploaded after_tile_r0005_c0017.png -> new_delhi/after/Images/after_tile_r0005_c0017_1.png
INFO:app.dda.tree.image_service:Uploaded after_tile_r0005_c0018.png -> new_delhi/after/Images/after_tile_r0005_c0018_1.png
INFO:app.dda.tree.image_service:Uploaded after_tile_r0005_c0019.png -> new_delhi/after/Images/after_tile_r0005_c0019_1.png
INFO:app.dda.tree.image_service:Uploaded after_tile_r0005_c0020.png -> new_delhi/after/Images/after_tile_r0005_c0020_1.png
INFO:app.dda.tree.image_service:Uploaded after_tile_r0005_c0021.png -> new_delhi/after/Images/after_tile_r0005_c0021_1.png
INFO:app.dda.tree.image_service:Uploaded after_tile_r0005_c0022.png -> new_delhi/after/Images/after_tile_r0005_c0022_1.png
INFO:app.dda.tree.image_service:Uploaded after_tile_r0005_c0023.png -> new_delhi/after/Images/after_tile_r0005_c0023_1.png
INFO:app.dda.tree.image_service:Uploaded after_tile_r0005_c0024.png -> new_delhi/after/Images/after_tile_r0005_c0024_1.png
INFO:app.dda.tree.image_service:Uploaded after_tile_r0005_c0025.png -> new_delhi/after/Images/after_tile_r0005_c0025_1.png
INFO:app.dda.tree.image_service:Uploaded after_tile_r0005_c0026.png -> new_delhi/after/Images/after_tile_r0005_c0026_1.png
INFO:app.dda.tree.image_service:Uploaded after_tile_r0005_c0027.png -> new_delhi/after/Images/after_tile_r0005_c0027_1.png
INFO:app.dda.tree.image_service:Uploaded after_tile_r0005_c0028.png -> new_delhi/after/Images/after_tile_r0005_c0028_1.png
INFO:app.dda.tree.image_service:Uploaded after_tile_r0005_c0029.png -> new_delhi/after/Images/after_tile_r0005_c0029_1.png
INFO:app.dda.tree.image_service:Uploaded after_tile_r0005_c0030.png -> new_delhi/after/Images/after_tile_r0005_c0030_1.png
INFO:app.dda.tree.image_service:Uploaded after_tile_r0005_c0031.png -> new_delhi/after/Images/after_tile_r0005_c0031_1.png
INFO:app.dda.tree.image_service:Uploaded after_tile_r0005_c0032.png -> new_delhi/after/Images/after_tile_r0005_c0032_1.png
INFO:app.dda.tree.image_service:Uploaded after_tile_r0005_c0033.png -> new_delhi/after/Images/after_tile_r0005_c0033_1.png
INFO:app.dda.tree.image_service:Uploaded after_tile_r0005_c0034.png -> new_delhi/after/Images/after_tile_r0005_c0034_1.png
INFO:app.dda.tree.image_service:Uploaded after_tile_r0005_c0035.png -> new_delhi/after/Images/after_tile_r0005_c0035_1.png
INFO:app.dda.tree.image_service:Uploaded after_tile_r0005_c0036.png -> new_delhi/after/Images/after_tile_r0005_c0036_1.png
INFO:app.dda.tree.image_service:Uploaded after_tile_r0005_c0037.png -> new_delhi/after/Images/after_tile_r0005_c0037_1.png
INFO:app.dda.tree.image_service:Uploaded after_tile_r0005_c0038.png -> new_delhi/after/Images/after_tile_r0005_c0038_1.png
INFO:app.dda.tree.image_service:Uploaded after_tile_r0005_c0039.png -> new_delhi/after/Images/after_tile_r0005_c0039_1.png
INFO:app.dda.tree.image_service:Uploaded after_tile_r0005_c0040.png -> new_delhi/after/Images/after_tile_r0005_c0040_1.png
INFO:app.dda.tree.image_service:Uploaded after_tile_r0005_c0041.png -> new_delhi/after/Images/after_tile_r0005_c0041_1.png
INFO:app.dda.tree.image_service:Uploaded after_tile_r0005_c0042.png -> new_delhi/after/Images/after_tile_r0005_c0042_1.png
INFO:app.dda.tree.image_service:Uploaded after_tile_r0005_c0043.png -> new_delhi/after/Images/after_tile_r0005_c0043_1.png
INFO:app.dda.tree.image_service:Uploaded after_tile_r0005_c0044.png -> new_delhi/after/Images/after_tile_r0005_c0044_1.png
INFO:app.dda.tree.image_service:Uploaded after_tile_r0005_c0045.png -> new_delhi/after/Images/after_tile_r0005_c0045_1.png
INFO:app.dda.tree.image_service:Uploaded after_tile_r0005_c0046.png -> new_delhi/after/Images/after_tile_r0005_c0046_1.png
INFO:app.dda.tree.image_service:Uploaded after_tile_r0005_c0047.png -> new_delhi/after/Images/after_tile_r0005_c0047_1.png
INFO:app.dda.tree.image_service:Uploaded after_tile_r0005_c0048.png -> new_delhi/after/Images/after_tile_r0005_c0048_1.png
INFO:app.dda.tree.image_service:Uploaded after_tile_r0005_c0049.png -> new_delhi/after/Images/after_tile_r0005_c0049_1.png
INFO:app.dda.tree.image_service:Uploaded after_tile_r0005_c0050.png -> new_delhi/after/Images/after_tile_r0005_c0050_1.png
INFO:app.dda.tree.image_service:Uploaded after_tile_r0005_c0051.png -> new_delhi/after/Images/after_tile_r0005_c0051_1.png
INFO:app.dda.tree.image_service:Uploaded after_tile_r0005_c0052.png -> new_delhi/after/Images/after_tile_r0005_c0052_1.png
INFO:app.dda.tree.image_service:Uploaded after_tile_r0005_c0053.png -> new_delhi/after/Images/after_tile_r0005_c0053_1.png
INFO:app.dda.tree.image_service:Uploaded after_tile_r0005_c0054.png -> new_delhi/after/Images/after_tile_r0005_c0054_1.png
INFO:app.dda.tree.image_service:Uploaded after_tile_r0005_c0055.png -> new_delhi/after/Images/after_tile_r0005_c0055_1.png
INFO:app.dda.tree.image_service:Uploaded after_tile_r0005_c0056.png -> new_delhi/after/Images/after_tile_r0005_c0056_1.png
INFO:app.dda.tree.image_service:Uploaded after_tile_r0005_c0057.png -> new_delhi/after/Images/after_tile_r0005_c0057_1.png
INFO:app.dda.tree.image_service:Uploaded after_tile_r0005_c0058.png -> new_delhi/after/Images/after_tile_r0005_c0058_1.png
INFO:app.dda.tree.image_service:Uploaded after_tile_r0005_c0059.png -> new_delhi/after/Images/after_tile_r0005_c0059_1.png
INFO:app.dda.tree.image_service:Uploaded after_tile_r0005_c0060.png -> new_delhi/after/Images/after_tile_r0005_c0060_1.png
INFO:app.dda.tree.image_service:Uploaded after_tile_r0005_c0061.png -> new_delhi/after/Images/after_tile_r0005_c0061_1.png
INFO:app.dda.tree.image_service:Uploaded after_tile_r0005_c0062.png -> new_delhi/after/Images/after_tile_r0005_c0062_1.png
INFO:app.dda.tree.image_service:Uploaded after_tile_r0005_c0063.png -> new_delhi/after/Images/after_tile_r0005_c0063_1.png
INFO:app.dda.tree.image_service:Uploaded after_tile_r0005_c0064.png -> new_delhi/after/Images/after_tile_r0005_c0064_1.png
INFO:app.dda.tree.image_service:Uploaded after_tile_r0005_c0065.png -> new_delhi/after/Images/after_tile_r0005_c0065_1.png
INFO:app.dda.tree.image_service:Uploaded after_tile_r0005_c0066.png -> new_delhi/after/Images/after_tile_r0005_c0066_1.png
INFO:app.dda.tree.image_service:Uploaded after_tile_r0005_c0067.png -> new_delhi/after/Images/after_tile_r0005_c0067_1.png
INFO:app.dda.tree.image_service:Uploaded after_tile_r0005_c0068.png -> new_delhi/after/Images/after_tile_r0005_c0068_1.png
INFO:app.dda.tree.image_service:Uploaded after_tile_r0005_c0069.png -> new_delhi/after/Images/after_tile_r0005_c0069_1.png
INFO:app.dda.tree.image_service:Uploaded after_tile_r0005_c0070.png -> new_delhi/after/Images/after_tile_r0005_c0070_1.png
INFO:app.dda.tree.image_service:Uploaded after_tile_r0005_c0071.png -> new_delhi/after/Images/after_tile_r0005_c0071_1.png
INFO:app.dda.tree.image_service:Uploaded after_tile_r0005_c0072.png -> new_delhi/after/Images/after_tile_r0005_c0072_1.png
INFO:app.dda.tree.image_service:Uploaded after_tile_r0005_c0073.png -> new_delhi/after/Images/after_tile_r0005_c0073_1.png
INFO:app.dda.tree.image_service:Uploaded after_tile_r0005_c0074.png -> new_delhi/after/Images/after_tile_r0005_c0074_1.png
INFO:app.dda.tree.image_service:Uploaded after_tile_r0005_c0075.png -> new_delhi/after/Images/after_tile_r0005_c0075_1.png
INFO:app.dda.tree.image_service:Uploaded after_tile_r0005_c0076.png -> new_delhi/after/Images/after_tile_r0005_c0076_1.png
INFO:app.dda.tree.image_service:Uploaded after_tile_r0005_c0077.png -> new_delhi/after/Images/after_tile_r0005_c0077_1.png
INFO:app.dda.tree.image_service:Uploaded after_tile_r0005_c0078.png -> new_delhi/after/Images/after_tile_r0005_c0078_1.png
INFO:app.dda.tree.image_service:Uploaded after_tile_r0005_c0079.png -> new_delhi/after/Images/after_tile_r0005_c0079_1.png
INFO:app.dda.tree.image_service:Uploaded after_tile_r0005_c0080.png -> new_delhi/after/Images/after_tile_r0005_c0080_1.png
INFO:app.dda.tree.image_service:Uploaded after_tile_r0005_c0081.png -> new_delhi/after/Images/after_tile_r0005_c0081_1.png
INFO:app.dda.tree.image_service:Uploaded after_tile_r0005_c0082.png -> new_delhi/after/Images/after_tile_r0005_c0082_1.png
INFO:app.dda.tree.image_service:Uploaded after_tile_r0005_c0083.png -> new_delhi/after/Images/after_tile_r0005_c0083_1.png
INFO:app.dda.tree.image_service:Uploaded after_tile_r0005_c0084.png -> new_delhi/after/Images/after_tile_r0005_c0084_1.png
INFO:app.dda.tree.image_service:Uploaded after_tile_r0005_c0085.png -> new_delhi/after/Images/after_tile_r0005_c0085_1.png
INFO:app.dda.tree.image_service:Uploaded after_tile_r0005_c0086.png -> new_delhi/after/Images/after_tile_r0005_c0086_1.png
INFO:app.dda.tree.image_service:Uploaded after_tile_r0005_c0087.png -> new_delhi/after/Images/after_tile_r0005_c0087_1.png
INFO:app.dda.tree.image_service:Uploaded after_tile_r0005_c0088.png -> new_delhi/after/Images/after_tile_r0005_c0088_1.png
INFO:app.dda.tree.image_service:Uploaded after_tile_r0005_c0089.png -> new_delhi/after/Images/after_tile_r0005_c0089_1.png
INFO:app.dda.tree.image_service:Uploaded after_tile_r0005_c0090.png -> new_delhi/after/Images/after_tile_r0005_c0090_1.png
INFO:app.dda.tree.image_service:Uploaded after_tile_r0005_c0091.png -> new_delhi/after/Images/after_tile_r0005_c0091_1.png
INFO:app.dda.tree.image_service:Uploaded after_tile_r0006_c0000.png -> new_delhi/after/Images/after_tile_r0006_c0000_1.png
INFO:app.dda.tree.image_service:Uploaded after_tile_r0006_c0001.png -> new_delhi/after/Images/after_tile_r0006_c0001_1.png
INFO:app.dda.tree.image_service:Uploaded after_tile_r0006_c0002.png -> new_delhi/after/Images/after_tile_r0006_c0002_1.png
INFO:app.dda.tree.image_service:Uploaded after_tile_r0006_c0003.png -> new_delhi/after/Images/after_tile_r0006_c0003_1.png
INFO:app.dda.tree.image_service:Uploaded after_tile_r0006_c0004.png -> new_delhi/after/Images/after_tile_r0006_c0004_1.png
INFO:app.dda.tree.image_service:Uploaded after_tile_r0006_c0005.png -> new_delhi/after/Images/after_tile_r0006_c0005_1.png
INFO:app.dda.tree.image_service:Uploaded after_tile_r0006_c0006.png -> new_delhi/after/Images/after_tile_r0006_c0006_1.png
INFO:app.dda.tree.image_service:Uploaded after_tile_r0006_c0007.png -> new_delhi/after/Images/after_tile_r0006_c0007_1.png
INFO:app.dda.tree.image_service:Uploaded after_tile_r0006_c0008.png -> new_delhi/after/Images/after_tile_r0006_c0008_1.png
INFO:app.dda.tree.image_service:Uploaded after_tile_r0006_c0009.png -> new_delhi/after/Images/after_tile_r0006_c0009_1.png
INFO:app.dda.tree.image_service:Uploaded after_tile_r0006_c0010.png -> new_delhi/after/Images/after_tile_r0006_c0010_1.png
INFO:app.dda.tree.image_service:Uploaded after_tile_r0006_c0011.png -> new_delhi/after/Images/after_tile_r0006_c0011_1.png
INFO:app.dda.tree.image_service:Uploaded after_tile_r0006_c0012.png -> new_delhi/after/Images/after_tile_r0006_c0012_1.png
INFO:app.dda.tree.image_service:Uploaded after_tile_r0006_c0013.png -> new_delhi/after/Images/after_tile_r0006_c0013_1.png
INFO:app.dda.tree.image_service:Uploaded after_tile_r0006_c0014.png -> new_delhi/after/Images/after_tile_r0006_c0014_1.png
INFO:app.dda.tree.image_service:Uploaded after_tile_r0006_c0015.png -> new_delhi/after/Images/after_tile_r0006_c0015_1.png
INFO:app.dda.tree.image_service:Uploaded after_tile_r0006_c0016.png -> new_delhi/after/Images/after_tile_r0006_c0016_1.png
INFO:app.dda.tree.image_service:Uploaded after_tile_r0006_c0017.png -> new_delhi/after/Images/after_tile_r0006_c0017_1.png
INFO:app.dda.tree.image_service:Uploaded after_tile_r0006_c0018.png -> new_delhi/after/Images/after_tile_r0006_c0018_1.png
INFO:app.dda.tree.image_service:Uploaded after_tile_r0006_c0019.png -> new_delhi/after/Images/after_tile_r0006_c0019_1.png
INFO:app.dda.tree.image_service:Uploaded after_tile_r0006_c0020.png -> new_delhi/after/Images/after_tile_r0006_c0020_1.png
INFO:app.dda.tree.image_service:Uploaded after_tile_r0006_c0021.png -> new_delhi/after/Images/after_tile_r0006_c0021_1.png
INFO:app.dda.tree.image_service:Uploaded after_tile_r0006_c0022.png -> new_delhi/after/Images/after_tile_r0006_c0022_1.png
INFO:app.dda.tree.image_service:Uploaded after_tile_r0006_c0023.png -> new_delhi/after/Images/after_tile_r0006_c0023_1.png
INFO:app.dda.tree.image_service:Uploaded after_tile_r0006_c0024.png -> new_delhi/after/Images/after_tile_r0006_c0024_1.png
INFO:app.dda.tree.image_service:Uploaded after_tile_r0006_c0025.png -> new_delhi/after/Images/after_tile_r0006_c0025_1.png
INFO:app.dda.tree.image_service:Uploaded after_tile_r0006_c0026.png -> new_delhi/after/Images/after_tile_r0006_c0026_1.png
INFO:app.dda.tree.image_service:Uploaded after_tile_r0006_c0027.png -> new_delhi/after/Images/after_tile_r0006_c0027_1.png
INFO:app.dda.tree.image_service:Uploaded after_tile_r0006_c0028.png -> new_delhi/after/Images/after_tile_r0006_c0028_1.png
INFO:app.dda.tree.image_service:Uploaded after_tile_r0006_c0029.png -> new_delhi/after/Images/after_tile_r0006_c0029_1.png
INFO:app.dda.tree.image_service:Uploaded after_tile_r0006_c0030.png -> new_delhi/after/Images/after_tile_r0006_c0030_1.png
INFO:app.dda.tree.image_service:Uploaded after_tile_r0006_c0031.png -> new_delhi/after/Images/after_tile_r0006_c0031_1.png
INFO:app.dda.tree.image_service:Uploaded after_tile_r0006_c0032.png -> new_delhi/after/Images/after_tile_r0006_c0032_1.png
INFO:app.dda.tree.image_service:Uploaded after_tile_r0006_c0033.png -> new_delhi/after/Images/after_tile_r0006_c0033_1.png
INFO:app.dda.tree.image_service:Uploaded after_tile_r0006_c0034.png -> new_delhi/after/Images/after_tile_r0006_c0034_1.png
INFO:app.dda.tree.image_service:Uploaded after_tile_r0006_c0035.png -> new_delhi/after/Images/after_tile_r0006_c0035_1.png
INFO:app.dda.tree.image_service:Uploaded after_tile_r0006_c0036.png -> new_delhi/after/Images/after_tile_r0006_c0036_1.png
INFO:app.dda.tree.image_service:Uploaded after_tile_r0006_c0037.png -> new_delhi/after/Images/after_tile_r0006_c0037_1.png
INFO:app.dda.tree.image_service:Uploaded after_tile_r0006_c0038.png -> new_delhi/after/Images/after_tile_r0006_c0038_1.png
INFO:app.dda.tree.image_service:Uploaded after_tile_r0006_c0039.png -> new_delhi/after/Images/after_tile_r0006_c0039_1.png
INFO:app.dda.tree.image_service:Uploaded after_tile_r0006_c0040.png -> new_delhi/after/Images/after_tile_r0006_c0040_1.png
INFO:app.dda.tree.image_service:Uploaded after_tile_r0006_c0041.png -> new_delhi/after/Images/after_tile_r0006_c0041_1.png
INFO:app.dda.tree.image_service:Uploaded after_tile_r0006_c0042.png -> new_delhi/after/Images/after_tile_r0006_c0042_1.png
INFO:app.dda.tree.image_service:Uploaded after_tile_r0006_c0043.png -> new_delhi/after/Images/after_tile_r0006_c0043_1.png
INFO:app.dda.tree.image_service:Uploaded after_tile_r0006_c0044.png -> new_delhi/after/Images/after_tile_r0006_c0044_1.png
INFO:app.dda.tree.image_service:Uploaded after_tile_r0006_c0045.png -> new_delhi/after/Images/after_tile_r0006_c0045_1.png
INFO:app.dda.tree.image_service:Uploaded after_tile_r0006_c0046.png -> new_delhi/after/Images/after_tile_r0006_c0046_1.png
INFO:app.dda.tree.image_service:Uploaded after_tile_r0006_c0047.png -> new_delhi/after/Images/after_tile_r0006_c0047_1.png
INFO:app.dda.tree.image_service:Uploaded after_tile_r0006_c0048.png -> new_delhi/after/Images/after_tile_r0006_c0048_1.png
INFO:app.dda.tree.image_service:Uploaded after_tile_r0006_c0049.png -> new_delhi/after/Images/after_tile_r0006_c0049_1.png
INFO:app.dda.tree.image_service:Uploaded after_tile_r0006_c0050.png -> new_delhi/after/Images/after_tile_r0006_c0050_1.png
INFO:app.dda.tree.image_service:Uploaded after_tile_r0006_c0051.png -> new_delhi/after/Images/after_tile_r0006_c0051_1.png
INFO:app.dda.tree.image_service:Uploaded after_tile_r0006_c0052.png -> new_delhi/after/Images/after_tile_r0006_c0052_1.png
INFO:app.dda.tree.image_service:Uploaded after_tile_r0006_c0053.png -> new_delhi/after/Images/after_tile_r0006_c0053_1.png
INFO:app.dda.tree.image_service:Uploaded after_tile_r0006_c0054.png -> new_delhi/after/Images/after_tile_r0006_c0054_1.png
INFO:app.dda.tree.image_service:Uploaded after_tile_r0006_c0055.png -> new_delhi/after/Images/after_tile_r0006_c0055_1.png
INFO:app.dda.tree.image_service:Uploaded after_tile_r0006_c0056.png -> new_delhi/after/Images/after_tile_r0006_c0056_1.png
INFO:app.dda.tree.image_service:Uploaded after_tile_r0006_c0057.png -> new_delhi/after/Images/after_tile_r0006_c0057_1.png
INFO:app.dda.tree.image_service:Uploaded after_tile_r0006_c0058.png -> new_delhi/after/Images/after_tile_r0006_c0058_1.png
INFO:app.dda.tree.image_service:Uploaded after_tile_r0006_c0059.png -> new_delhi/after/Images/after_tile_r0006_c0059_1.png
INFO:app.dda.tree.image_service:Uploaded after_tile_r0006_c0060.png -> new_delhi/after/Images/after_tile_r0006_c0060_1.png
INFO:app.dda.tree.image_service:Uploaded after_tile_r0006_c0061.png -> new_delhi/after/Images/after_tile_r0006_c0061_1.png
INFO:app.dda.tree.image_service:Uploaded after_tile_r0006_c0062.png -> new_delhi/after/Images/after_tile_r0006_c0062_1.png
INFO:app.dda.tree.image_service:Uploaded after_tile_r0006_c0063.png -> new_delhi/after/Images/after_tile_r0006_c0063_1.png
INFO:app.dda.tree.image_service:Uploaded after_tile_r0006_c0064.png -> new_delhi/after/Images/after_tile_r0006_c0064_1.png
INFO:app.dda.tree.image_service:Uploaded after_tile_r0006_c0065.png -> new_delhi/after/Images/after_tile_r0006_c0065_1.png
INFO:app.dda.tree.image_service:Uploaded after_tile_r0006_c0066.png -> new_delhi/after/Images/after_tile_r0006_c0066_1.png
INFO:app.dda.tree.image_service:Uploaded after_tile_r0006_c0067.png -> new_delhi/after/Images/after_tile_r0006_c0067_1.png
INFO:app.dda.tree.image_service:Uploaded after_tile_r0006_c0068.png -> new_delhi/after/Images/after_tile_r0006_c0068_1.png
INFO:app.dda.tree.image_service:Uploaded after_tile_r0006_c0069.png -> new_delhi/after/Images/after_tile_r0006_c0069_1.png
INFO:app.dda.tree.image_service:Uploaded after_tile_r0006_c0070.png -> new_delhi/after/Images/after_tile_r0006_c0070_1.png
INFO:app.dda.tree.image_service:Uploaded after_tile_r0006_c0071.png -> new_delhi/after/Images/after_tile_r0006_c0071_1.png
INFO:app.dda.tree.image_service:Uploaded after_tile_r0006_c0072.png -> new_delhi/after/Images/after_tile_r0006_c0072_1.png
INFO:app.dda.tree.image_service:Uploaded after_tile_r0006_c0073.png -> new_delhi/after/Images/after_tile_r0006_c0073_1.png
INFO:app.dda.tree.image_service:Uploaded after_tile_r0006_c0074.png -> new_delhi/after/Images/after_tile_r0006_c0074_1.png
INFO:app.dda.tree.image_service:Uploaded after_tile_r0006_c0075.png -> new_delhi/after/Images/after_tile_r0006_c0075_1.png
INFO:app.dda.tree.image_service:Uploaded after_tile_r0006_c0076.png -> new_delhi/after/Images/after_tile_r0006_c0076_1.png
INFO:app.dda.tree.image_service:Uploaded after_tile_r0006_c0077.png -> new_delhi/after/Images/after_tile_r0006_c0077_1.png
INFO:app.dda.tree.image_service:Uploaded after_tile_r0006_c0078.png -> new_delhi/after/Images/after_tile_r0006_c0078_1.png
INFO:app.dda.tree.image_service:Uploaded after_tile_r0006_c0079.png -> new_delhi/after/Images/after_tile_r0006_c0079_1.png
INFO:app.dda.tree.image_service:Uploaded after_tile_r0006_c0080.png -> new_delhi/after/Images/after_tile_r0006_c0080_1.png
INFO:app.dda.tree.image_service:Uploaded after_tile_r0006_c0081.png -> new_delhi/after/Images/after_tile_r0006_c0081_1.png
INFO:app.dda.tree.image_service:Uploaded after_tile_r0006_c0082.png -> new_delhi/after/Images/after_tile_r0006_c0082_1.png
INFO:app.dda.tree.image_service:Uploaded after_tile_r0006_c0083.png -> new_delhi/after/Images/after_tile_r0006_c0083_1.png
INFO:app.dda.tree.image_service:Uploaded after_tile_r0006_c0084.png -> new_delhi/after/Images/after_tile_r0006_c0084_1.png
INFO:app.dda.tree.image_service:Uploaded after_tile_r0006_c0085.png -> new_delhi/after/Images/after_tile_r0006_c0085_1.png
INFO:app.dda.tree.image_service:Uploaded after_tile_r0006_c0086.png -> new_delhi/after/Images/after_tile_r0006_c0086_1.png
INFO:app.dda.tree.image_service:Uploaded after_tile_r0006_c0087.png -> new_delhi/after/Images/after_tile_r0006_c0087_1.png
INFO:app.dda.tree.image_service:Uploaded after_tile_r0006_c0088.png -> new_delhi/after/Images/after_tile_r0006_c0088_1.png
INFO:app.dda.tree.image_service:Uploaded after_tile_r0006_c0089.png -> new_delhi/after/Images/after_tile_r0006_c0089_1.png
INFO:app.dda.tree.image_service:Uploaded after_tile_r0006_c0090.png -> new_delhi/after/Images/after_tile_r0006_c0090_1.png
INFO:app.dda.tree.image_service:Uploaded after_tile_r0006_c0091.png -> new_delhi/after/Images/after_tile_r0006_c0091_1.png
INFO:app.dda.tree.image_service:Uploaded after_tile_r0007_c0000.png -> new_delhi/after/Images/after_tile_r0007_c0000_1.png
INFO:app.dda.tree.image_service:Uploaded after_tile_r0007_c0001.png -> new_delhi/after/Images/after_tile_r0007_c0001_1.png
INFO:app.dda.tree.image_service:Uploaded after_tile_r0007_c0002.png -> new_delhi/after/Images/after_tile_r0007_c0002_1.png
INFO:app.dda.tree.image_service:Uploaded after_tile_r0007_c0003.png -> new_delhi/after/Images/after_tile_r0007_c0003_1.png
INFO:app.dda.tree.image_service:Uploaded after_tile_r0007_c0004.png -> new_delhi/after/Images/after_tile_r0007_c0004_1.png
INFO:app.dda.tree.image_service:Uploaded after_tile_r0007_c0005.png -> new_delhi/after/Images/after_tile_r0007_c0005_1.png
INFO:app.dda.tree.image_service:Uploaded after_tile_r0007_c0006.png -> new_delhi/after/Images/after_tile_r0007_c0006_1.png
INFO:app.dda.tree.image_service:Uploaded after_tile_r0007_c0007.png -> new_delhi/after/Images/after_tile_r0007_c0007_1.png
INFO:app.dda.tree.image_service:Uploaded after_tile_r0007_c0008.png -> new_delhi/after/Images/after_tile_r0007_c0008_1.png
INFO:app.dda.tree.image_service:Uploaded after_tile_r0007_c0009.png -> new_delhi/after/Images/after_tile_r0007_c0009_1.png
INFO:app.dda.tree.image_service:Uploaded after_tile_r0007_c0010.png -> new_delhi/after/Images/after_tile_r0007_c0010_1.png
INFO:app.dda.tree.image_service:Uploaded after_tile_r0007_c0011.png -> new_delhi/after/Images/after_tile_r0007_c0011_1.png
INFO:app.dda.tree.image_service:Uploaded after_tile_r0007_c0012.png -> new_delhi/after/Images/after_tile_r0007_c0012_1.png
INFO:app.dda.tree.image_service:Uploaded after_tile_r0007_c0013.png -> new_delhi/after/Images/after_tile_r0007_c0013_1.png
INFO:app.dda.tree.image_service:Uploaded after_tile_r0007_c0014.png -> new_delhi/after/Images/after_tile_r0007_c0014_1.png
INFO:app.dda.tree.image_service:Uploaded after_tile_r0007_c0015.png -> new_delhi/after/Images/after_tile_r0007_c0015_1.png
INFO:app.dda.tree.image_service:Uploaded after_tile_r0007_c0016.png -> new_delhi/after/Images/after_tile_r0007_c0016_1.png
INFO:app.dda.tree.image_service:Uploaded after_tile_r0007_c0017.png -> new_delhi/after/Images/after_tile_r0007_c0017_1.png
INFO:app.dda.tree.image_service:Uploaded after_tile_r0007_c0018.png -> new_delhi/after/Images/after_tile_r0007_c0018_1.png
INFO:app.dda.tree.image_service:Uploaded after_tile_r0007_c0019.png -> new_delhi/after/Images/after_tile_r0007_c0019_1.png
INFO:app.dda.tree.image_service:Uploaded after_tile_r0007_c0020.png -> new_delhi/after/Images/after_tile_r0007_c0020_1.png
INFO:app.dda.tree.image_service:Uploaded after_tile_r0007_c0021.png -> new_delhi/after/Images/after_tile_r0007_c0021_1.png
INFO:app.dda.tree.image_service:Uploaded after_tile_r0007_c0022.png -> new_delhi/after/Images/after_tile_r0007_c0022_1.png
INFO:app.dda.tree.image_service:Uploaded after_tile_r0007_c0023.png -> new_delhi/after/Images/after_tile_r0007_c0023_1.png
INFO:app.dda.tree.image_service:Uploaded after_tile_r0007_c0024.png -> new_delhi/after/Images/after_tile_r0007_c0024_1.png
INFO:app.dda.tree.image_service:Uploaded after_tile_r0007_c0025.png -> new_delhi/after/Images/after_tile_r0007_c0025_1.png
INFO:app.dda.tree.image_service:Uploaded after_tile_r0007_c0026.png -> new_delhi/after/Images/after_tile_r0007_c0026_1.png
INFO:app.dda.tree.image_service:Uploaded after_tile_r0007_c0027.png -> new_delhi/after/Images/after_tile_r0007_c0027_1.png
INFO:app.dda.tree.image_service:Uploaded after_tile_r0007_c0028.png -> new_delhi/after/Images/after_tile_r0007_c0028_1.png
INFO:app.dda.tree.image_service:Uploaded after_tile_r0007_c0029.png -> new_delhi/after/Images/after_tile_r0007_c0029_1.png
INFO:app.dda.tree.image_service:Uploaded after_tile_r0007_c0030.png -> new_delhi/after/Images/after_tile_r0007_c0030_1.png
INFO:app.dda.tree.image_service:Uploaded after_tile_r0007_c0031.png -> new_delhi/after/Images/after_tile_r0007_c0031_1.png
INFO:app.dda.tree.image_service:Uploaded after_tile_r0007_c0032.png -> new_delhi/after/Images/after_tile_r0007_c0032_1.png
INFO:app.dda.tree.image_service:Uploaded after_tile_r0007_c0033.png -> new_delhi/after/Images/after_tile_r0007_c0033_1.png
INFO:app.dda.tree.image_service:Uploaded after_tile_r0007_c0034.png -> new_delhi/after/Images/after_tile_r0007_c0034_1.png
INFO:app.dda.tree.image_service:Uploaded after_tile_r0007_c0035.png -> new_delhi/after/Images/after_tile_r0007_c0035_1.png
INFO:app.dda.tree.image_service:Uploaded after_tile_r0007_c0036.png -> new_delhi/after/Images/after_tile_r0007_c0036_1.png
INFO:app.dda.tree.image_service:Uploaded after_tile_r0007_c0037.png -> new_delhi/after/Images/after_tile_r0007_c0037_1.png
INFO:app.dda.tree.image_service:Uploaded after_tile_r0007_c0038.png -> new_delhi/after/Images/after_tile_r0007_c0038_1.png
INFO:app.dda.tree.image_service:Uploaded after_tile_r0007_c0039.png -> new_delhi/after/Images/after_tile_r0007_c0039_1.png
INFO:app.dda.tree.image_service:Uploaded after_tile_r0007_c0040.png -> new_delhi/after/Images/after_tile_r0007_c0040_1.png
INFO:app.dda.tree.image_service:Uploaded after_tile_r0007_c0041.png -> new_delhi/after/Images/after_tile_r0007_c0041_1.png
INFO:app.dda.tree.image_service:Uploaded after_tile_r0007_c0042.png -> new_delhi/after/Images/after_tile_r0007_c0042_1.png
INFO:app.dda.tree.image_service:Uploaded after_tile_r0007_c0043.png -> new_delhi/after/Images/after_tile_r0007_c0043_1.png
INFO:app.dda.tree.image_service:Uploaded after_tile_r0007_c0044.png -> new_delhi/after/Images/after_tile_r0007_c0044_1.png
INFO:app.dda.tree.image_service:Uploaded after_tile_r0007_c0045.png -> new_delhi/after/Images/after_tile_r0007_c0045_1.png
INFO:app.dda.tree.image_service:Uploaded after_tile_r0007_c0046.png -> new_delhi/after/Images/after_tile_r0007_c0046_1.png
INFO:app.dda.tree.image_service:Uploaded after_tile_r0007_c0047.png -> new_delhi/after/Images/after_tile_r0007_c0047_1.png
INFO:app.dda.tree.image_service:Uploaded after_tile_r0007_c0048.png -> new_delhi/after/Images/after_tile_r0007_c0048_1.png
INFO:app.dda.tree.image_service:Uploaded after_tile_r0007_c0049.png -> new_delhi/after/Images/after_tile_r0007_c0049_1.png
INFO:app.dda.tree.image_service:Uploaded after_tile_r0007_c0050.png -> new_delhi/after/Images/after_tile_r0007_c0050_1.png
INFO:app.dda.tree.image_service:Uploaded after_tile_r0007_c0051.png -> new_delhi/after/Images/after_tile_r0007_c0051_1.png
INFO:app.dda.tree.image_service:Uploaded after_tile_r0007_c0052.png -> new_delhi/after/Images/after_tile_r0007_c0052_1.png
INFO:app.dda.tree.image_service:Uploaded after_tile_r0007_c0053.png -> new_delhi/after/Images/after_tile_r0007_c0053_1.png
INFO:app.dda.tree.image_service:Uploaded after_tile_r0007_c0054.png -> new_delhi/after/Images/after_tile_r0007_c0054_1.png
INFO:app.dda.tree.image_service:Uploaded after_tile_r0007_c0055.png -> new_delhi/after/Images/after_tile_r0007_c0055_1.png
INFO:app.dda.tree.image_service:Uploaded after_tile_r0007_c0056.png -> new_delhi/after/Images/after_tile_r0007_c0056_1.png
INFO:app.dda.tree.image_service:Uploaded after_tile_r0007_c0057.png -> new_delhi/after/Images/after_tile_r0007_c0057_1.png
INFO:app.dda.tree.image_service:Uploaded after_tile_r0007_c0058.png -> new_delhi/after/Images/after_tile_r0007_c0058_1.png
INFO:app.dda.tree.image_service:Uploaded after_tile_r0007_c0059.png -> new_delhi/after/Images/after_tile_r0007_c0059_1.png
INFO:app.dda.tree.image_service:Uploaded after_tile_r0007_c0060.png -> new_delhi/after/Images/after_tile_r0007_c0060_1.png
INFO:app.dda.tree.image_service:Uploaded after_tile_r0007_c0061.png -> new_delhi/after/Images/after_tile_r0007_c0061_1.png
INFO:app.dda.tree.image_service:Uploaded after_tile_r0007_c0062.png -> new_delhi/after/Images/after_tile_r0007_c0062_1.png
INFO:app.dda.tree.image_service:Uploaded after_tile_r0007_c0063.png -> new_delhi/after/Images/after_tile_r0007_c0063_1.png
INFO:app.dda.tree.image_service:Uploaded after_tile_r0007_c0064.png -> new_delhi/after/Images/after_tile_r0007_c0064_1.png
INFO:app.dda.tree.image_service:Uploaded after_tile_r0007_c0065.png -> new_delhi/after/Images/after_tile_r0007_c0065_1.png
INFO:app.dda.tree.image_service:Uploaded after_tile_r0007_c0066.png -> new_delhi/after/Images/after_tile_r0007_c0066_1.png
INFO:app.dda.tree.image_service:Uploaded after_tile_r0007_c0067.png -> new_delhi/after/Images/after_tile_r0007_c0067_1.png
INFO:app.dda.tree.image_service:Uploaded after_tile_r0007_c0068.png -> new_delhi/after/Images/after_tile_r0007_c0068_1.png
INFO:app.dda.tree.image_service:Uploaded after_tile_r0007_c0069.png -> new_delhi/after/Images/after_tile_r0007_c0069_1.png
INFO:app.dda.tree.image_service:Uploaded after_tile_r0007_c0070.png -> new_delhi/after/Images/after_tile_r0007_c0070_1.png
INFO:app.dda.tree.image_service:Uploaded after_tile_r0007_c0071.png -> new_delhi/after/Images/after_tile_r0007_c0071_1.png
INFO:app.dda.tree.image_service:Uploaded after_tile_r0007_c0072.png -> new_delhi/after/Images/after_tile_r0007_c0072_1.png
INFO:app.dda.tree.image_service:Uploaded after_tile_r0007_c0073.png -> new_delhi/after/Images/after_tile_r0007_c0073_1.png
INFO:app.dda.tree.image_service:Uploaded after_tile_r0007_c0074.png -> new_delhi/after/Images/after_tile_r0007_c0074_1.png
INFO:app.dda.tree.image_service:Uploaded after_tile_r0007_c0075.png -> new_delhi/after/Images/after_tile_r0007_c0075_1.png
INFO:app.dda.tree.image_service:Uploaded after_tile_r0007_c0076.png -> new_delhi/after/Images/after_tile_r0007_c0076_1.png
INFO:app.dda.tree.image_service:Uploaded after_tile_r0007_c0077.png -> new_delhi/after/Images/after_tile_r0007_c0077_1.png
INFO:app.dda.tree.image_service:Uploaded after_tile_r0007_c0078.png -> new_delhi/after/Images/after_tile_r0007_c0078_1.png
INFO:app.dda.tree.image_service:Uploaded after_tile_r0007_c0079.png -> new_delhi/after/Images/after_tile_r0007_c0079_1.png
INFO:app.dda.tree.image_service:Uploaded after_tile_r0007_c0080.png -> new_delhi/after/Images/after_tile_r0007_c0080_1.png
INFO:app.dda.tree.image_service:Uploaded after_tile_r0007_c0081.png -> new_delhi/after/Images/after_tile_r0007_c0081_1.png
INFO:app.dda.tree.image_service:Uploaded after_tile_r0007_c0082.png -> new_delhi/after/Images/after_tile_r0007_c0082_1.png
INFO:app.dda.tree.image_service:Uploaded after_tile_r0007_c0083.png -> new_delhi/after/Images/after_tile_r0007_c0083_1.png
INFO:app.dda.tree.image_service:Uploaded after_tile_r0007_c0084.png -> new_delhi/after/Images/after_tile_r0007_c0084_1.png
INFO:app.dda.tree.image_service:Uploaded after_tile_r0007_c0085.png -> new_delhi/after/Images/after_tile_r0007_c0085_1.png
INFO:app.dda.tree.image_service:Uploaded after_tile_r0007_c0086.png -> new_delhi/after/Images/after_tile_r0007_c0086_1.png
INFO:app.dda.tree.image_service:Uploaded after_tile_r0007_c0087.png -> new_delhi/after/Images/after_tile_r0007_c0087_1.png
INFO:app.dda.tree.image_service:Uploaded after_tile_r0007_c0088.png -> new_delhi/after/Images/after_tile_r0007_c0088_1.png
INFO:app.dda.tree.image_service:Uploaded after_tile_r0007_c0089.png -> new_delhi/after/Images/after_tile_r0007_c0089_1.png
INFO:app.dda.tree.image_service:Uploaded after_tile_r0007_c0090.png -> new_delhi/after/Images/after_tile_r0007_c0090_1.png
INFO:app.dda.tree.image_service:Uploaded after_tile_r0007_c0091.png -> new_delhi/after/Images/after_tile_r0007_c0091_1.png
INFO:app.dda.tree.image_service:Uploaded after_tile_r0008_c0000.png -> new_delhi/after/Images/after_tile_r0008_c0000_1.png
INFO:app.dda.tree.image_service:Uploaded after_tile_r0008_c0001.png -> new_delhi/after/Images/after_tile_r0008_c0001_1.png
INFO:app.dda.tree.image_service:Uploaded after_tile_r0008_c0002.png -> new_delhi/after/Images/after_tile_r0008_c0002_1.png
INFO:app.dda.tree.image_service:Uploaded after_tile_r0008_c0003.png -> new_delhi/after/Images/after_tile_r0008_c0003_1.png
INFO:app.dda.tree.image_service:Uploaded after_tile_r0008_c0004.png -> new_delhi/after/Images/after_tile_r0008_c0004_1.png
INFO:app.dda.tree.image_service:Uploaded after_tile_r0008_c0005.png -> new_delhi/after/Images/after_tile_r0008_c0005_1.png
INFO:app.dda.tree.image_service:Uploaded after_tile_r0008_c0006.png -> new_delhi/after/Images/after_tile_r0008_c0006_1.png
INFO:app.dda.tree.image_service:Uploaded after_tile_r0008_c0007.png -> new_delhi/after/Images/after_tile_r0008_c0007_1.png
INFO:app.dda.tree.image_service:Uploaded after_tile_r0008_c0008.png -> new_delhi/after/Images/after_tile_r0008_c0008_1.png
INFO:app.dda.tree.image_service:Uploaded after_tile_r0008_c0009.png -> new_delhi/after/Images/after_tile_r0008_c0009_1.png
INFO:app.dda.tree.image_service:Uploaded after_tile_r0008_c0010.png -> new_delhi/after/Images/after_tile_r0008_c0010_1.png
INFO:app.dda.tree.image_service:Uploaded after_tile_r0008_c0011.png -> new_delhi/after/Images/after_tile_r0008_c0011_1.png
INFO:app.dda.tree.image_service:Uploaded after_tile_r0008_c0012.png -> new_delhi/after/Images/after_tile_r0008_c0012_1.png
INFO:app.dda.tree.image_service:Uploaded after_tile_r0008_c0013.png -> new_delhi/after/Images/after_tile_r0008_c0013_1.png
INFO:app.dda.tree.image_service:Uploaded after_tile_r0008_c0014.png -> new_delhi/after/Images/after_tile_r0008_c0014_1.png
INFO:app.dda.tree.image_service:Uploaded after_tile_r0008_c0015.png -> new_delhi/after/Images/after_tile_r0008_c0015_1.png
INFO:app.dda.tree.image_service:Uploaded after_tile_r0008_c0016.png -> new_delhi/after/Images/after_tile_r0008_c0016_1.png
INFO:app.dda.tree.image_service:Uploaded after_tile_r0008_c0017.png -> new_delhi/after/Images/after_tile_r0008_c0017_1.png
INFO:app.dda.tree.image_service:Uploaded after_tile_r0008_c0018.png -> new_delhi/after/Images/after_tile_r0008_c0018_1.png
INFO:app.dda.tree.image_service:Uploaded after_tile_r0008_c0019.png -> new_delhi/after/Images/after_tile_r0008_c0019_1.png
INFO:app.dda.tree.image_service:Uploaded after_tile_r0008_c0020.png -> new_delhi/after/Images/after_tile_r0008_c0020_1.png
INFO:app.dda.tree.image_service:Uploaded after_tile_r0008_c0021.png -> new_delhi/after/Images/after_tile_r0008_c0021_1.png
INFO:app.dda.tree.image_service:Uploaded after_tile_r0008_c0022.png -> new_delhi/after/Images/after_tile_r0008_c0022_1.png
INFO:app.dda.tree.image_service:Uploaded after_tile_r0008_c0023.png -> new_delhi/after/Images/after_tile_r0008_c0023_1.png
INFO:app.dda.tree.image_service:Uploaded after_tile_r0008_c0024.png -> new_delhi/after/Images/after_tile_r0008_c0024_1.png
INFO:app.dda.tree.image_service:Uploaded after_tile_r0008_c0025.png -> new_delhi/after/Images/after_tile_r0008_c0025_1.png
INFO:app.dda.tree.image_service:Uploaded after_tile_r0008_c0026.png -> new_delhi/after/Images/after_tile_r0008_c0026_1.png
INFO:app.dda.tree.image_service:Uploaded after_tile_r0008_c0027.png -> new_delhi/after/Images/after_tile_r0008_c0027_1.png
INFO:app.dda.tree.image_service:Uploaded after_tile_r0008_c0028.png -> new_delhi/after/Images/after_tile_r0008_c0028_1.png
INFO:app.dda.tree.image_service:Uploaded after_tile_r0008_c0029.png -> new_delhi/after/Images/after_tile_r0008_c0029_1.png
INFO:app.dda.tree.image_service:Uploaded after_tile_r0008_c0030.png -> new_delhi/after/Images/after_tile_r0008_c0030_1.png
INFO:app.dda.tree.image_service:Uploaded after_tile_r0008_c0031.png -> new_delhi/after/Images/after_tile_r0008_c0031_1.png
INFO:app.dda.tree.image_service:Uploaded after_tile_r0008_c0032.png -> new_delhi/after/Images/after_tile_r0008_c0032_1.png
INFO:app.dda.tree.image_service:Uploaded after_tile_r0008_c0033.png -> new_delhi/after/Images/after_tile_r0008_c0033_1.png
INFO:app.dda.tree.image_service:Uploaded after_tile_r0008_c0034.png -> new_delhi/after/Images/after_tile_r0008_c0034_1.png
INFO:app.dda.tree.image_service:Uploaded after_tile_r0008_c0035.png -> new_delhi/after/Images/after_tile_r0008_c0035_1.png
INFO:app.dda.tree.image_service:Uploaded after_tile_r0008_c0036.png -> new_delhi/after/Images/after_tile_r0008_c0036_1.png
INFO:app.dda.tree.image_service:Uploaded after_tile_r0008_c0037.png -> new_delhi/after/Images/after_tile_r0008_c0037_1.png
INFO:app.dda.tree.image_service:Uploaded after_tile_r0008_c0038.png -> new_delhi/after/Images/after_tile_r0008_c0038_1.png
INFO:app.dda.tree.image_service:Uploaded after_tile_r0008_c0039.png -> new_delhi/after/Images/after_tile_r0008_c0039_1.png
INFO:app.dda.tree.image_service:Uploaded after_tile_r0008_c0040.png -> new_delhi/after/Images/after_tile_r0008_c0040_1.png
INFO:app.dda.tree.image_service:Uploaded after_tile_r0008_c0041.png -> new_delhi/after/Images/after_tile_r0008_c0041_1.png
INFO:app.dda.tree.image_service:Uploaded after_tile_r0008_c0042.png -> new_delhi/after/Images/after_tile_r0008_c0042_1.png
INFO:app.dda.tree.image_service:Uploaded after_tile_r0008_c0043.png -> new_delhi/after/Images/after_tile_r0008_c0043_1.png
INFO:app.dda.tree.image_service:Uploaded after_tile_r0008_c0044.png -> new_delhi/after/Images/after_tile_r0008_c0044_1.png
INFO:app.dda.tree.image_service:Uploaded after_tile_r0008_c0045.png -> new_delhi/after/Images/after_tile_r0008_c0045_1.png
INFO:app.dda.tree.image_service:Uploaded after_tile_r0008_c0046.png -> new_delhi/after/Images/after_tile_r0008_c0046_1.png
INFO:app.dda.tree.image_service:Uploaded after_tile_r0008_c0047.png -> new_delhi/after/Images/after_tile_r0008_c0047_1.png
INFO:app.dda.tree.image_service:Uploaded after_tile_r0008_c0048.png -> new_delhi/after/Images/after_tile_r0008_c0048_1.png
INFO:app.dda.tree.image_service:Uploaded after_tile_r0008_c0049.png -> new_delhi/after/Images/after_tile_r0008_c0049_1.png
INFO:app.dda.tree.image_service:Uploaded after_tile_r0008_c0050.png -> new_delhi/after/Images/after_tile_r0008_c0050_1.png
INFO:app.dda.tree.image_service:Uploaded after_tile_r0008_c0051.png -> new_delhi/after/Images/after_tile_r0008_c0051_1.png
INFO:app.dda.tree.image_service:Uploaded after_tile_r0008_c0052.png -> new_delhi/after/Images/after_tile_r0008_c0052_1.png
INFO:app.dda.tree.image_service:Uploaded after_tile_r0008_c0053.png -> new_delhi/after/Images/after_tile_r0008_c0053_1.png
INFO:app.dda.tree.image_service:Uploaded after_tile_r0008_c0054.png -> new_delhi/after/Images/after_tile_r0008_c0054_1.png
INFO:app.dda.tree.image_service:Uploaded after_tile_r0008_c0055.png -> new_delhi/after/Images/after_tile_r0008_c0055_1.png
INFO:app.dda.tree.image_service:Uploaded after_tile_r0008_c0056.png -> new_delhi/after/Images/after_tile_r0008_c0056_1.png
INFO:app.dda.tree.image_service:Uploaded after_tile_r0008_c0057.png -> new_delhi/after/Images/after_tile_r0008_c0057_1.png
INFO:app.dda.tree.image_service:Uploaded after_tile_r0008_c0058.png -> new_delhi/after/Images/after_tile_r0008_c0058_1.png
INFO:app.dda.tree.image_service:Uploaded after_tile_r0008_c0059.png -> new_delhi/after/Images/after_tile_r0008_c0059_1.png
INFO:app.dda.tree.image_service:Uploaded after_tile_r0008_c0060.png -> new_delhi/after/Images/after_tile_r0008_c0060_1.png
INFO:app.dda.tree.image_service:Uploaded after_tile_r0008_c0061.png -> new_delhi/after/Images/after_tile_r0008_c0061_1.png
INFO:app.dda.tree.image_service:Uploaded after_tile_r0008_c0062.png -> new_delhi/after/Images/after_tile_r0008_c0062_1.png
INFO:app.dda.tree.image_service:Uploaded after_tile_r0008_c0063.png -> new_delhi/after/Images/after_tile_r0008_c0063_1.png
INFO:app.dda.tree.image_service:Uploaded after_tile_r0008_c0064.png -> new_delhi/after/Images/after_tile_r0008_c0064_1.png
INFO:app.dda.tree.image_service:Uploaded after_tile_r0008_c0065.png -> new_delhi/after/Images/after_tile_r0008_c0065_1.png
INFO:app.dda.tree.image_service:Uploaded after_tile_r0008_c0066.png -> new_delhi/after/Images/after_tile_r0008_c0066_1.png
INFO:app.dda.tree.image_service:Uploaded after_tile_r0008_c0067.png -> new_delhi/after/Images/after_tile_r0008_c0067_1.png
INFO:app.dda.tree.image_service:Uploaded after_tile_r0008_c0068.png -> new_delhi/after/Images/after_tile_r0008_c0068_1.png
INFO:app.dda.tree.image_service:Uploaded after_tile_r0008_c0069.png -> new_delhi/after/Images/after_tile_r0008_c0069_1.png
INFO:app.dda.tree.image_service:Uploaded after_tile_r0008_c0070.png -> new_delhi/after/Images/after_tile_r0008_c0070_1.png
INFO:app.dda.tree.image_service:Uploaded after_tile_r0008_c0071.png -> new_delhi/after/Images/after_tile_r0008_c0071_1.png
INFO:app.dda.tree.image_service:Uploaded after_tile_r0008_c0072.png -> new_delhi/after/Images/after_tile_r0008_c0072_1.png
INFO:app.dda.tree.image_service:Uploaded after_tile_r0008_c0073.png -> new_delhi/after/Images/after_tile_r0008_c0073_1.png
INFO:app.dda.tree.image_service:Uploaded after_tile_r0008_c0074.png -> new_delhi/after/Images/after_tile_r0008_c0074_1.png
INFO:app.dda.tree.image_service:Uploaded after_tile_r0008_c0075.png -> new_delhi/after/Images/after_tile_r0008_c0075_1.png
INFO:app.dda.tree.image_service:Uploaded after_tile_r0008_c0076.png -> new_delhi/after/Images/after_tile_r0008_c0076_1.png
INFO:app.dda.tree.image_service:Uploaded after_tile_r0008_c0077.png -> new_delhi/after/Images/after_tile_r0008_c0077_1.png
INFO:app.dda.tree.image_service:Uploaded after_tile_r0008_c0078.png -> new_delhi/after/Images/after_tile_r0008_c0078_1.png
INFO:app.dda.tree.image_service:Uploaded after_tile_r0008_c0079.png -> new_delhi/after/Images/after_tile_r0008_c0079_1.png
INFO:app.dda.tree.image_service:Uploaded after_tile_r0008_c0080.png -> new_delhi/after/Images/after_tile_r0008_c0080_1.png
INFO:app.dda.tree.image_service:Uploaded after_tile_r0008_c0081.png -> new_delhi/after/Images/after_tile_r0008_c0081_1.png
INFO:app.dda.tree.image_service:Uploaded after_tile_r0008_c0082.png -> new_delhi/after/Images/after_tile_r0008_c0082_1.png
INFO:app.dda.tree.image_service:Uploaded after_tile_r0008_c0083.png -> new_delhi/after/Images/after_tile_r0008_c0083_1.png
INFO:app.dda.tree.image_service:Uploaded after_tile_r0008_c0084.png -> new_delhi/after/Images/after_tile_r0008_c0084_1.png
INFO:app.dda.tree.image_service:Uploaded after_tile_r0008_c0085.png -> new_delhi/after/Images/after_tile_r0008_c0085_1.png
INFO:app.dda.tree.image_service:Uploaded after_tile_r0008_c0086.png -> new_delhi/after/Images/after_tile_r0008_c0086_1.png
INFO:app.dda.tree.image_service:Uploaded after_tile_r0008_c0087.png -> new_delhi/after/Images/after_tile_r0008_c0087_1.png
INFO:app.dda.tree.image_service:Uploaded after_tile_r0008_c0088.png -> new_delhi/after/Images/after_tile_r0008_c0088_1.png
INFO:app.dda.tree.image_service:Uploaded after_tile_r0008_c0089.png -> new_delhi/after/Images/after_tile_r0008_c0089_1.png
INFO:app.dda.tree.image_service:Uploaded after_tile_r0008_c0090.png -> new_delhi/after/Images/after_tile_r0008_c0090_1.png
INFO:app.dda.tree.image_service:Uploaded after_tile_r0008_c0091.png -> new_delhi/after/Images/after_tile_r0008_c0091_1.png
INFO:app.dda.tree.image_service:Uploaded after_tile_r0009_c0000.png -> new_delhi/after/Images/after_tile_r0009_c0000_1.png
INFO:app.dda.tree.image_service:Uploaded after_tile_r0009_c0001.png -> new_delhi/after/Images/after_tile_r0009_c0001_1.png
INFO:app.dda.tree.image_service:Uploaded after_tile_r0009_c0002.png -> new_delhi/after/Images/after_tile_r0009_c0002_1.png
INFO:app.dda.tree.image_service:Uploaded after_tile_r0009_c0003.png -> new_delhi/after/Images/after_tile_r0009_c0003_1.png
INFO:app.dda.tree.image_service:Uploaded after_tile_r0009_c0004.png -> new_delhi/after/Images/after_tile_r0009_c0004_1.png
INFO:app.dda.tree.image_service:Uploaded after_tile_r0009_c0005.png -> new_delhi/after/Images/after_tile_r0009_c0005_1.png
INFO:app.dda.tree.image_service:Uploaded after_tile_r0009_c0006.png -> new_delhi/after/Images/after_tile_r0009_c0006_1.png
INFO:app.dda.tree.image_service:Uploaded after_tile_r0009_c0007.png -> new_delhi/after/Images/after_tile_r0009_c0007_1.png
INFO:app.dda.tree.image_service:Uploaded after_tile_r0009_c0008.png -> new_delhi/after/Images/after_tile_r0009_c0008_1.png
INFO:app.dda.tree.image_service:Uploaded after_tile_r0009_c0009.png -> new_delhi/after/Images/after_tile_r0009_c0009_1.png
INFO:app.dda.tree.image_service:Uploaded after_tile_r0009_c0010.png -> new_delhi/after/Images/after_tile_r0009_c0010_1.png
INFO:app.dda.tree.image_service:Uploaded after_tile_r0009_c0011.png -> new_delhi/after/Images/after_tile_r0009_c0011_1.png
INFO:app.dda.tree.image_service:Uploaded after_tile_r0009_c0012.png -> new_delhi/after/Images/after_tile_r0009_c0012_1.png
INFO:app.dda.tree.image_service:Uploaded after_tile_r0009_c0013.png -> new_delhi/after/Images/after_tile_r0009_c0013_1.png
INFO:app.dda.tree.image_service:Uploaded after_tile_r0009_c0014.png -> new_delhi/after/Images/after_tile_r0009_c0014_1.png
INFO:app.dda.tree.image_service:Uploaded after_tile_r0009_c0015.png -> new_delhi/after/Images/after_tile_r0009_c0015_1.png
INFO:app.dda.tree.image_service:Uploaded after_tile_r0009_c0016.png -> new_delhi/after/Images/after_tile_r0009_c0016_1.png
INFO:app.dda.tree.image_service:Uploaded after_tile_r0009_c0017.png -> new_delhi/after/Images/after_tile_r0009_c0017_1.png
INFO:app.dda.tree.image_service:Uploaded after_tile_r0009_c0018.png -> new_delhi/after/Images/after_tile_r0009_c0018_1.png
INFO:app.dda.tree.image_service:Uploaded after_tile_r0009_c0019.png -> new_delhi/after/Images/after_tile_r0009_c0019_1.png
INFO:app.dda.tree.image_service:Uploaded after_tile_r0009_c0020.png -> new_delhi/after/Images/after_tile_r0009_c0020_1.png
INFO:app.dda.tree.image_service:Uploaded after_tile_r0009_c0021.png -> new_delhi/after/Images/after_tile_r0009_c0021_1.png
INFO:app.dda.tree.image_service:Uploaded after_tile_r0009_c0022.png -> new_delhi/after/Images/after_tile_r0009_c0022_1.png
INFO:app.dda.tree.image_service:Uploaded after_tile_r0009_c0023.png -> new_delhi/after/Images/after_tile_r0009_c0023_1.png
INFO:app.dda.tree.image_service:Uploaded after_tile_r0009_c0024.png -> new_delhi/after/Images/after_tile_r0009_c0024_1.png
INFO:app.dda.tree.image_service:Uploaded after_tile_r0009_c0025.png -> new_delhi/after/Images/after_tile_r0009_c0025_1.png
INFO:app.dda.tree.image_service:Uploaded after_tile_r0009_c0026.png -> new_delhi/after/Images/after_tile_r0009_c0026_1.png
INFO:app.dda.tree.image_service:Uploaded after_tile_r0009_c0027.png -> new_delhi/after/Images/after_tile_r0009_c0027_1.png
INFO:app.dda.tree.image_service:Uploaded after_tile_r0009_c0028.png -> new_delhi/after/Images/after_tile_r0009_c0028_1.png
INFO:app.dda.tree.image_service:Uploaded after_tile_r0009_c0029.png -> new_delhi/after/Images/after_tile_r0009_c0029_1.png
INFO:app.dda.tree.image_service:Uploaded after_tile_r0009_c0030.png -> new_delhi/after/Images/after_tile_r0009_c0030_1.png
INFO:app.dda.tree.image_service:Uploaded after_tile_r0009_c0031.png -> new_delhi/after/Images/after_tile_r0009_c0031_1.png
INFO:app.dda.tree.image_service:Uploaded after_tile_r0009_c0032.png -> new_delhi/after/Images/after_tile_r0009_c0032_1.png
INFO:app.dda.tree.image_service:Uploaded after_tile_r0009_c0033.png -> new_delhi/after/Images/after_tile_r0009_c0033_1.png
INFO:app.dda.tree.image_service:Uploaded after_tile_r0009_c0034.png -> new_delhi/after/Images/after_tile_r0009_c0034_1.png
INFO:app.dda.tree.image_service:Uploaded after_tile_r0009_c0035.png -> new_delhi/after/Images/after_tile_r0009_c0035_1.png
INFO:app.dda.tree.image_service:Uploaded after_tile_r0009_c0036.png -> new_delhi/after/Images/after_tile_r0009_c0036_1.png
INFO:app.dda.tree.image_service:Uploaded after_tile_r0009_c0037.png -> new_delhi/after/Images/after_tile_r0009_c0037_1.png
INFO:app.dda.tree.image_service:Uploaded after_tile_r0009_c0038.png -> new_delhi/after/Images/after_tile_r0009_c0038_1.png
INFO:app.dda.tree.image_service:Uploaded after_tile_r0009_c0039.png -> new_delhi/after/Images/after_tile_r0009_c0039_1.png
INFO:app.dda.tree.image_service:Uploaded after_tile_r0009_c0040.png -> new_delhi/after/Images/after_tile_r0009_c0040_1.png
INFO:app.dda.tree.image_service:Uploaded after_tile_r0009_c0041.png -> new_delhi/after/Images/after_tile_r0009_c0041_1.png
INFO:app.dda.tree.image_service:Uploaded after_tile_r0009_c0042.png -> new_delhi/after/Images/after_tile_r0009_c0042_1.png
INFO:app.dda.tree.image_service:Uploaded after_tile_r0009_c0043.png -> new_delhi/after/Images/after_tile_r0009_c0043_1.png
INFO:app.dda.tree.image_service:Uploaded after_tile_r0009_c0044.png -> new_delhi/after/Images/after_tile_r0009_c0044_1.png
INFO:app.dda.tree.image_service:Uploaded after_tile_r0009_c0045.png -> new_delhi/after/Images/after_tile_r0009_c0045_1.png
INFO:app.dda.tree.image_service:Uploaded after_tile_r0009_c0046.png -> new_delhi/after/Images/after_tile_r0009_c0046_1.png
INFO:app.dda.tree.image_service:Uploaded after_tile_r0009_c0047.png -> new_delhi/after/Images/after_tile_r0009_c0047_1.png
INFO:app.dda.tree.image_service:Uploaded after_tile_r0009_c0048.png -> new_delhi/after/Images/after_tile_r0009_c0048_1.png
INFO:app.dda.tree.image_service:Uploaded after_tile_r0009_c0049.png -> new_delhi/after/Images/after_tile_r0009_c0049_1.png
INFO:app.dda.tree.image_service:Uploaded after_tile_r0009_c0050.png -> new_delhi/after/Images/after_tile_r0009_c0050_1.png
INFO:app.dda.tree.image_service:Uploaded after_tile_r0009_c0051.png -> new_delhi/after/Images/after_tile_r0009_c0051_1.png
INFO:app.dda.tree.image_service:Uploaded after_tile_r0009_c0052.png -> new_delhi/after/Images/after_tile_r0009_c0052_1.png
INFO:app.dda.tree.image_service:Uploaded after_tile_r0009_c0053.png -> new_delhi/after/Images/after_tile_r0009_c0053_1.png
INFO:app.dda.tree.image_service:Uploaded after_tile_r0009_c0054.png -> new_delhi/after/Images/after_tile_r0009_c0054_1.png
INFO:app.dda.tree.image_service:Uploaded after_tile_r0009_c0055.png -> new_delhi/after/Images/after_tile_r0009_c0055_1.png
INFO:app.dda.tree.image_service:Uploaded after_tile_r0009_c0056.png -> new_delhi/after/Images/after_tile_r0009_c0056_1.png
INFO:app.dda.tree.image_service:Uploaded after_tile_r0009_c0057.png -> new_delhi/after/Images/after_tile_r0009_c0057_1.png
INFO:app.dda.tree.image_service:Uploaded after_tile_r0009_c0058.png -> new_delhi/after/Images/after_tile_r0009_c0058_1.png
INFO:app.dda.tree.image_service:Uploaded after_tile_r0009_c0059.png -> new_delhi/after/Images/after_tile_r0009_c0059_1.png
INFO:app.dda.tree.image_service:Uploaded after_tile_r0009_c0060.png -> new_delhi/after/Images/after_tile_r0009_c0060_1.png
INFO:app.dda.tree.image_service:Uploaded after_tile_r0009_c0061.png -> new_delhi/after/Images/after_tile_r0009_c0061_1.png
INFO:app.dda.tree.image_service:Uploaded after_tile_r0009_c0062.png -> new_delhi/after/Images/after_tile_r0009_c0062_1.png
INFO:app.dda.tree.image_service:Uploaded after_tile_r0009_c0063.png -> new_delhi/after/Images/after_tile_r0009_c0063_1.png
INFO:app.dda.tree.image_service:Uploaded after_tile_r0009_c0064.png -> new_delhi/after/Images/after_tile_r0009_c0064_1.png
INFO:app.dda.tree.image_service:Uploaded after_tile_r0009_c0065.png -> new_delhi/after/Images/after_tile_r0009_c0065_1.png
INFO:app.dda.tree.image_service:Uploaded after_tile_r0009_c0066.png -> new_delhi/after/Images/after_tile_r0009_c0066_1.png
INFO:app.dda.tree.image_service:Uploaded after_tile_r0009_c0067.png -> new_delhi/after/Images/after_tile_r0009_c0067_1.png
INFO:app.dda.tree.image_service:Uploaded after_tile_r0009_c0068.png -> new_delhi/after/Images/after_tile_r0009_c0068_1.png
INFO:app.dda.tree.image_service:Uploaded after_tile_r0009_c0069.png -> new_delhi/after/Images/after_tile_r0009_c0069_1.png
INFO:app.dda.tree.image_service:Uploaded after_tile_r0009_c0070.png -> new_delhi/after/Images/after_tile_r0009_c0070_1.png
INFO:app.dda.tree.image_service:Uploaded after_tile_r0009_c0071.png -> new_delhi/after/Images/after_tile_r0009_c0071_1.png
INFO:app.dda.tree.image_service:Uploaded after_tile_r0009_c0072.png -> new_delhi/after/Images/after_tile_r0009_c0072_1.png
INFO:app.dda.tree.image_service:Uploaded after_tile_r0009_c0073.png -> new_delhi/after/Images/after_tile_r0009_c0073_1.png
INFO:app.dda.tree.image_service:Uploaded after_tile_r0009_c0074.png -> new_delhi/after/Images/after_tile_r0009_c0074_1.png
INFO:app.dda.tree.image_service:Uploaded after_tile_r0009_c0075.png -> new_delhi/after/Images/after_tile_r0009_c0075_1.png
INFO:app.dda.tree.image_service:Uploaded after_tile_r0009_c0076.png -> new_delhi/after/Images/after_tile_r0009_c0076_1.png
INFO:app.dda.tree.image_service:Uploaded after_tile_r0009_c0077.png -> new_delhi/after/Images/after_tile_r0009_c0077_1.png
INFO:app.dda.tree.image_service:Uploaded after_tile_r0009_c0078.png -> new_delhi/after/Images/after_tile_r0009_c0078_1.png
INFO:app.dda.tree.image_service:Uploaded after_tile_r0009_c0079.png -> new_delhi/after/Images/after_tile_r0009_c0079_1.png
INFO:app.dda.tree.image_service:Uploaded after_tile_r0009_c0080.png -> new_delhi/after/Images/after_tile_r0009_c0080_1.png
INFO:app.dda.tree.image_service:Uploaded after_tile_r0009_c0081.png -> new_delhi/after/Images/after_tile_r0009_c0081_1.png
INFO:app.dda.tree.image_service:Uploaded after_tile_r0009_c0082.png -> new_delhi/after/Images/after_tile_r0009_c0082_1.png
INFO:app.dda.tree.image_service:Uploaded after_tile_r0009_c0083.png -> new_delhi/after/Images/after_tile_r0009_c0083_1.png
INFO:app.dda.tree.image_service:Uploaded after_tile_r0009_c0084.png -> new_delhi/after/Images/after_tile_r0009_c0084_1.png
INFO:app.dda.tree.image_service:Uploaded after_tile_r0009_c0085.png -> new_delhi/after/Images/after_tile_r0009_c0085_1.png
INFO:app.dda.tree.image_service:Uploaded after_tile_r0009_c0086.png -> new_delhi/after/Images/after_tile_r0009_c0086_1.png
INFO:app.dda.tree.image_service:Uploaded after_tile_r0009_c0087.png -> new_delhi/after/Images/after_tile_r0009_c0087_1.png
INFO:app.dda.tree.image_service:Uploaded after_tile_r0009_c0088.png -> new_delhi/after/Images/after_tile_r0009_c0088_1.png
INFO:app.dda.tree.image_service:Uploaded after_tile_r0009_c0089.png -> new_delhi/after/Images/after_tile_r0009_c0089_1.png
INFO:app.dda.tree.image_service:Uploaded after_tile_r0009_c0090.png -> new_delhi/after/Images/after_tile_r0009_c0090_1.png
INFO:app.dda.tree.image_service:Uploaded after_tile_r0009_c0091.png -> new_delhi/after/Images/after_tile_r0009_c0091_1.png
INFO:app.dda.tree.image_service:Uploaded after_tile_r0010_c0000.png -> new_delhi/after/Images/after_tile_r0010_c0000_1.png
INFO:app.dda.tree.image_service:Uploaded after_tile_r0010_c0001.png -> new_delhi/after/Images/after_tile_r0010_c0001_1.png
INFO:app.dda.tree.image_service:Uploaded after_tile_r0010_c0002.png -> new_delhi/after/Images/after_tile_r0010_c0002_1.png
INFO:app.dda.tree.image_service:Uploaded after_tile_r0010_c0003.png -> new_delhi/after/Images/after_tile_r0010_c0003_1.png
INFO:app.dda.tree.image_service:Uploaded after_tile_r0010_c0004.png -> new_delhi/after/Images/after_tile_r0010_c0004_1.png
INFO:app.dda.tree.image_service:Uploaded after_tile_r0010_c0005.png -> new_delhi/after/Images/after_tile_r0010_c0005_1.png
INFO:app.dda.tree.image_service:Uploaded after_tile_r0010_c0006.png -> new_delhi/after/Images/after_tile_r0010_c0006_1.png
INFO:app.dda.tree.image_service:Uploaded after_tile_r0010_c0007.png -> new_delhi/after/Images/after_tile_r0010_c0007_1.png
INFO:app.dda.tree.image_service:Uploaded after_tile_r0010_c0008.png -> new_delhi/after/Images/after_tile_r0010_c0008_1.png
INFO:app.dda.tree.image_service:Uploaded after_tile_r0010_c0009.png -> new_delhi/after/Images/after_tile_r0010_c0009_1.png
INFO:app.dda.tree.image_service:Uploaded after_tile_r0010_c0010.png -> new_delhi/after/Images/after_tile_r0010_c0010_1.png
INFO:app.dda.tree.image_service:Uploaded after_tile_r0010_c0011.png -> new_delhi/after/Images/after_tile_r0010_c0011_1.png
INFO:app.dda.tree.image_service:Uploaded after_tile_r0010_c0012.png -> new_delhi/after/Images/after_tile_r0010_c0012_1.png
INFO:app.dda.tree.image_service:Uploaded after_tile_r0010_c0013.png -> new_delhi/after/Images/after_tile_r0010_c0013_1.png
INFO:app.dda.tree.image_service:Uploaded after_tile_r0010_c0014.png -> new_delhi/after/Images/after_tile_r0010_c0014_1.png
INFO:app.dda.tree.image_service:Uploaded after_tile_r0010_c0015.png -> new_delhi/after/Images/after_tile_r0010_c0015_1.png
INFO:app.dda.tree.image_service:Uploaded after_tile_r0010_c0016.png -> new_delhi/after/Images/after_tile_r0010_c0016_1.png
INFO:app.dda.tree.image_service:Uploaded after_tile_r0010_c0017.png -> new_delhi/after/Images/after_tile_r0010_c0017_1.png
INFO:app.dda.tree.image_service:Uploaded after_tile_r0010_c0018.png -> new_delhi/after/Images/after_tile_r0010_c0018_1.png
INFO:app.dda.tree.image_service:Uploaded after_tile_r0010_c0019.png -> new_delhi/after/Images/after_tile_r0010_c0019_1.png
INFO:app.dda.tree.image_service:Uploaded after_tile_r0010_c0020.png -> new_delhi/after/Images/after_tile_r0010_c0020_1.png
INFO:app.dda.tree.image_service:Uploaded after_tile_r0010_c0021.png -> new_delhi/after/Images/after_tile_r0010_c0021_1.png
INFO:app.dda.tree.image_service:Uploaded after_tile_r0010_c0022.png -> new_delhi/after/Images/after_tile_r0010_c0022_1.png
INFO:app.dda.tree.image_service:Uploaded after_tile_r0010_c0023.png -> new_delhi/after/Images/after_tile_r0010_c0023_1.png
INFO:app.dda.tree.image_service:Uploaded after_tile_r0010_c0024.png -> new_delhi/after/Images/after_tile_r0010_c0024_1.png
INFO:app.dda.tree.image_service:Uploaded after_tile_r0010_c0025.png -> new_delhi/after/Images/after_tile_r0010_c0025_1.png
INFO:app.dda.tree.image_service:Uploaded after_tile_r0010_c0026.png -> new_delhi/after/Images/after_tile_r0010_c0026_1.png
INFO:app.dda.tree.image_service:Uploaded after_tile_r0010_c0027.png -> new_delhi/after/Images/after_tile_r0010_c0027_1.png
INFO:app.dda.tree.image_service:Uploaded after_tile_r0010_c0028.png -> new_delhi/after/Images/after_tile_r0010_c0028_1.png
INFO:app.dda.tree.image_service:Uploaded after_tile_r0010_c0029.png -> new_delhi/after/Images/after_tile_r0010_c0029_1.png
INFO:app.dda.tree.image_service:Uploaded after_tile_r0010_c0030.png -> new_delhi/after/Images/after_tile_r0010_c0030_1.png
INFO:app.dda.tree.image_service:Uploaded after_tile_r0010_c0031.png -> new_delhi/after/Images/after_tile_r0010_c0031_1.png
INFO:app.dda.tree.image_service:Uploaded after_tile_r0010_c0032.png -> new_delhi/after/Images/after_tile_r0010_c0032_1.png
INFO:app.dda.tree.image_service:Uploaded after_tile_r0010_c0033.png -> new_delhi/after/Images/after_tile_r0010_c0033_1.png
INFO:app.dda.tree.image_service:Uploaded after_tile_r0010_c0034.png -> new_delhi/after/Images/after_tile_r0010_c0034_1.png
INFO:app.dda.tree.image_service:Uploaded after_tile_r0010_c0035.png -> new_delhi/after/Images/after_tile_r0010_c0035_1.png
INFO:app.dda.tree.image_service:Uploaded after_tile_r0010_c0036.png -> new_delhi/after/Images/after_tile_r0010_c0036_1.png
INFO:app.dda.tree.image_service:Uploaded after_tile_r0010_c0037.png -> new_delhi/after/Images/after_tile_r0010_c0037_1.png
INFO:app.dda.tree.image_service:Uploaded after_tile_r0010_c0038.png -> new_delhi/after/Images/after_tile_r0010_c0038_1.png
INFO:app.dda.tree.image_service:Uploaded after_tile_r0010_c0039.png -> new_delhi/after/Images/after_tile_r0010_c0039_1.png
INFO:app.dda.tree.image_service:Uploaded after_tile_r0010_c0040.png -> new_delhi/after/Images/after_tile_r0010_c0040_1.png
INFO:app.dda.tree.image_service:Uploaded after_tile_r0010_c0041.png -> new_delhi/after/Images/after_tile_r0010_c0041_1.png
INFO:app.dda.tree.image_service:Uploaded after_tile_r0010_c0042.png -> new_delhi/after/Images/after_tile_r0010_c0042_1.png
INFO:app.dda.tree.image_service:Uploaded after_tile_r0010_c0043.png -> new_delhi/after/Images/after_tile_r0010_c0043_1.png
INFO:app.dda.tree.image_service:Uploaded after_tile_r0010_c0044.png -> new_delhi/after/Images/after_tile_r0010_c0044_1.png
INFO:app.dda.tree.image_service:Uploaded after_tile_r0010_c0045.png -> new_delhi/after/Images/after_tile_r0010_c0045_1.png
INFO:app.dda.tree.image_service:Uploaded after_tile_r0010_c0046.png -> new_delhi/after/Images/after_tile_r0010_c0046_1.png
INFO:app.dda.tree.image_service:Uploaded after_tile_r0010_c0047.png -> new_delhi/after/Images/after_tile_r0010_c0047_1.png
INFO:app.dda.tree.image_service:Uploaded after_tile_r0010_c0048.png -> new_delhi/after/Images/after_tile_r0010_c0048_1.png
INFO:app.dda.tree.image_service:Uploaded after_tile_r0010_c0049.png -> new_delhi/after/Images/after_tile_r0010_c0049_1.png
INFO:app.dda.tree.image_service:Uploaded after_tile_r0010_c0050.png -> new_delhi/after/Images/after_tile_r0010_c0050_1.png
INFO:app.dda.tree.image_service:Uploaded after_tile_r0010_c0051.png -> new_delhi/after/Images/after_tile_r0010_c0051_1.png
INFO:app.dda.tree.image_service:Uploaded after_tile_r0010_c0052.png -> new_delhi/after/Images/after_tile_r0010_c0052_1.png
INFO:app.dda.tree.image_service:Uploaded after_tile_r0010_c0053.png -> new_delhi/after/Images/after_tile_r0010_c0053_1.png
INFO:app.dda.tree.image_service:Uploaded after_tile_r0010_c0054.png -> new_delhi/after/Images/after_tile_r0010_c0054_1.png
INFO:app.dda.tree.image_service:Uploaded after_tile_r0010_c0055.png -> new_delhi/after/Images/after_tile_r0010_c0055_1.png
INFO:app.dda.tree.image_service:Uploaded after_tile_r0010_c0056.png -> new_delhi/after/Images/after_tile_r0010_c0056_1.png
INFO:app.dda.tree.image_service:Uploaded after_tile_r0010_c0057.png -> new_delhi/after/Images/after_tile_r0010_c0057_1.png
INFO:app.dda.tree.image_service:Uploaded after_tile_r0010_c0058.png -> new_delhi/after/Images/after_tile_r0010_c0058_1.png
INFO:app.dda.tree.image_service:Uploaded after_tile_r0010_c0059.png -> new_delhi/after/Images/after_tile_r0010_c0059_1.png
INFO:app.dda.tree.image_service:Uploaded after_tile_r0010_c0060.png -> new_delhi/after/Images/after_tile_r0010_c0060_1.png
INFO:app.dda.tree.image_service:Uploaded after_tile_r0010_c0061.png -> new_delhi/after/Images/after_tile_r0010_c0061_1.png
INFO:app.dda.tree.image_service:Uploaded after_tile_r0010_c0062.png -> new_delhi/after/Images/after_tile_r0010_c0062_1.png
INFO:app.dda.tree.image_service:Uploaded after_tile_r0010_c0063.png -> new_delhi/after/Images/after_tile_r0010_c0063_1.png
INFO:app.dda.tree.image_service:Uploaded after_tile_r0010_c0064.png -> new_delhi/after/Images/after_tile_r0010_c0064_1.png
INFO:app.dda.tree.image_service:Uploaded after_tile_r0010_c0065.png -> new_delhi/after/Images/after_tile_r0010_c0065_1.png
INFO:app.dda.tree.image_service:Uploaded after_tile_r0010_c0066.png -> new_delhi/after/Images/after_tile_r0010_c0066_1.png
INFO:app.dda.tree.image_service:Uploaded after_tile_r0010_c0067.png -> new_delhi/after/Images/after_tile_r0010_c0067_1.png
INFO:app.dda.tree.image_service:Uploaded after_tile_r0010_c0068.png -> new_delhi/after/Images/after_tile_r0010_c0068_1.png
INFO:app.dda.tree.image_service:Uploaded after_tile_r0010_c0069.png -> new_delhi/after/Images/after_tile_r0010_c0069_1.png
INFO:app.dda.tree.image_service:Uploaded after_tile_r0010_c0070.png -> new_delhi/after/Images/after_tile_r0010_c0070_1.png
INFO:app.dda.tree.image_service:Uploaded after_tile_r0010_c0071.png -> new_delhi/after/Images/after_tile_r0010_c0071_1.png
INFO:app.dda.tree.image_service:Uploaded after_tile_r0010_c0072.png -> new_delhi/after/Images/after_tile_r0010_c0072_1.png
INFO:app.dda.tree.image_service:Uploaded after_tile_r0010_c0073.png -> new_delhi/after/Images/after_tile_r0010_c0073_1.png
INFO:app.dda.tree.image_service:Uploaded after_tile_r0010_c0074.png -> new_delhi/after/Images/after_tile_r0010_c0074_1.png
INFO:app.dda.tree.image_service:Uploaded after_tile_r0010_c0075.png -> new_delhi/after/Images/after_tile_r0010_c0075_1.png
INFO:app.dda.tree.image_service:Uploaded after_tile_r0010_c0076.png -> new_delhi/after/Images/after_tile_r0010_c0076_1.png
INFO:app.dda.tree.image_service:Uploaded after_tile_r0010_c0077.png -> new_delhi/after/Images/after_tile_r0010_c0077_1.png
INFO:app.dda.tree.image_service:Uploaded after_tile_r0010_c0078.png -> new_delhi/after/Images/after_tile_r0010_c0078_1.png
INFO:app.dda.tree.image_service:Uploaded after_tile_r0010_c0079.png -> new_delhi/after/Images/after_tile_r0010_c0079_1.png
INFO:app.dda.tree.image_service:Uploaded after_tile_r0010_c0080.png -> new_delhi/after/Images/after_tile_r0010_c0080_1.png
INFO:app.dda.tree.image_service:Uploaded after_tile_r0010_c0081.png -> new_delhi/after/Images/after_tile_r0010_c0081_1.png
INFO:app.dda.tree.image_service:Uploaded after_tile_r0010_c0082.png -> new_delhi/after/Images/after_tile_r0010_c0082_1.png
INFO:app.dda.tree.image_service:Uploaded after_tile_r0010_c0083.png -> new_delhi/after/Images/after_tile_r0010_c0083_1.png
INFO:app.dda.tree.image_service:Uploaded after_tile_r0010_c0084.png -> new_delhi/after/Images/after_tile_r0010_c0084_1.png
INFO:app.dda.tree.image_service:Uploaded after_tile_r0010_c0085.png -> new_delhi/after/Images/after_tile_r0010_c0085_1.png
INFO:app.dda.tree.image_service:Uploaded after_tile_r0010_c0086.png -> new_delhi/after/Images/after_tile_r0010_c0086_1.png
INFO:app.dda.tree.image_service:Uploaded after_tile_r0010_c0087.png -> new_delhi/after/Images/after_tile_r0010_c0087_1.png
INFO:app.dda.tree.image_service:Uploaded after_tile_r0010_c0088.png -> new_delhi/after/Images/after_tile_r0010_c0088_1.png
INFO:app.dda.tree.image_service:Uploaded after_tile_r0010_c0089.png -> new_delhi/after/Images/after_tile_r0010_c0089_1.png
INFO:app.dda.tree.image_service:Uploaded after_tile_r0010_c0090.png -> new_delhi/after/Images/after_tile_r0010_c0090_1.png
INFO:app.dda.tree.image_service:Uploaded after_tile_r0010_c0091.png -> new_delhi/after/Images/after_tile_r0010_c0091_1.png
INFO:app.dda.tree.image_service:Uploaded after_tile_r0011_c0000.png -> new_delhi/after/Images/after_tile_r0011_c0000_1.png
INFO:app.dda.tree.image_service:Uploaded after_tile_r0011_c0001.png -> new_delhi/after/Images/after_tile_r0011_c0001_1.png
INFO:app.dda.tree.image_service:Uploaded after_tile_r0011_c0002.png -> new_delhi/after/Images/after_tile_r0011_c0002_1.png
INFO:app.dda.tree.image_service:Uploaded after_tile_r0011_c0003.png -> new_delhi/after/Images/after_tile_r0011_c0003_1.png
INFO:app.dda.tree.image_service:Uploaded after_tile_r0011_c0004.png -> new_delhi/after/Images/after_tile_r0011_c0004_1.png
INFO:app.dda.tree.image_service:Uploaded after_tile_r0011_c0005.png -> new_delhi/after/Images/after_tile_r0011_c0005_1.png
INFO:app.dda.tree.image_service:Uploaded after_tile_r0011_c0006.png -> new_delhi/after/Images/after_tile_r0011_c0006_1.png
INFO:app.dda.tree.image_service:Uploaded after_tile_r0011_c0007.png -> new_delhi/after/Images/after_tile_r0011_c0007_1.png
INFO:app.dda.tree.image_service:Uploaded after_tile_r0011_c0008.png -> new_delhi/after/Images/after_tile_r0011_c0008_1.png
INFO:app.dda.tree.image_service:Uploaded after_tile_r0011_c0009.png -> new_delhi/after/Images/after_tile_r0011_c0009_1.png
INFO:app.dda.tree.image_service:Uploaded after_tile_r0011_c0010.png -> new_delhi/after/Images/after_tile_r0011_c0010_1.png
INFO:app.dda.tree.image_service:Uploaded after_tile_r0011_c0011.png -> new_delhi/after/Images/after_tile_r0011_c0011_1.png
INFO:app.dda.tree.image_service:Uploaded after_tile_r0011_c0012.png -> new_delhi/after/Images/after_tile_r0011_c0012_1.png
INFO:app.dda.tree.image_service:Uploaded after_tile_r0011_c0013.png -> new_delhi/after/Images/after_tile_r0011_c0013_1.png
INFO:app.dda.tree.image_service:Uploaded after_tile_r0011_c0014.png -> new_delhi/after/Images/after_tile_r0011_c0014_1.png
INFO:app.dda.tree.image_service:Uploaded after_tile_r0011_c0015.png -> new_delhi/after/Images/after_tile_r0011_c0015_1.png
INFO:app.dda.tree.image_service:Uploaded after_tile_r0011_c0016.png -> new_delhi/after/Images/after_tile_r0011_c0016_1.png
INFO:app.dda.tree.image_service:Uploaded after_tile_r0011_c0017.png -> new_delhi/after/Images/after_tile_r0011_c0017_1.png
INFO:app.dda.tree.image_service:Uploaded after_tile_r0011_c0018.png -> new_delhi/after/Images/after_tile_r0011_c0018_1.png
INFO:app.dda.tree.image_service:Uploaded after_tile_r0011_c0019.png -> new_delhi/after/Images/after_tile_r0011_c0019_1.png
INFO:app.dda.tree.image_service:Uploaded after_tile_r0011_c0020.png -> new_delhi/after/Images/after_tile_r0011_c0020_1.png
INFO:app.dda.tree.image_service:Uploaded after_tile_r0011_c0021.png -> new_delhi/after/Images/after_tile_r0011_c0021_1.png
INFO:app.dda.tree.image_service:Uploaded after_tile_r0011_c0022.png -> new_delhi/after/Images/after_tile_r0011_c0022_1.png
INFO:app.dda.tree.image_service:Uploaded after_tile_r0011_c0023.png -> new_delhi/after/Images/after_tile_r0011_c0023_1.png
INFO:app.dda.tree.image_service:Uploaded after_tile_r0011_c0024.png -> new_delhi/after/Images/after_tile_r0011_c0024_1.png
INFO:app.dda.tree.image_service:Uploaded after_tile_r0011_c0025.png -> new_delhi/after/Images/after_tile_r0011_c0025_1.png
INFO:app.dda.tree.image_service:Uploaded after_tile_r0011_c0026.png -> new_delhi/after/Images/after_tile_r0011_c0026_1.png
INFO:app.dda.tree.image_service:Uploaded after_tile_r0011_c0027.png -> new_delhi/after/Images/after_tile_r0011_c0027_1.png
INFO:app.dda.tree.image_service:Uploaded after_tile_r0011_c0028.png -> new_delhi/after/Images/after_tile_r0011_c0028_1.png
INFO:app.dda.tree.image_service:Uploaded after_tile_r0011_c0029.png -> new_delhi/after/Images/after_tile_r0011_c0029_1.png
INFO:app.dda.tree.image_service:Uploaded after_tile_r0011_c0030.png -> new_delhi/after/Images/after_tile_r0011_c0030_1.png
INFO:app.dda.tree.image_service:Uploaded after_tile_r0011_c0031.png -> new_delhi/after/Images/after_tile_r0011_c0031_1.png
INFO:app.dda.tree.image_service:Uploaded after_tile_r0011_c0032.png -> new_delhi/after/Images/after_tile_r0011_c0032_1.png
INFO:app.dda.tree.image_service:Uploaded after_tile_r0011_c0033.png -> new_delhi/after/Images/after_tile_r0011_c0033_1.png
INFO:app.dda.tree.image_service:Uploaded after_tile_r0011_c0034.png -> new_delhi/after/Images/after_tile_r0011_c0034_1.png
INFO:app.dda.tree.image_service:Uploaded after_tile_r0011_c0035.png -> new_delhi/after/Images/after_tile_r0011_c0035_1.png
INFO:app.dda.tree.image_service:Uploaded after_tile_r0011_c0036.png -> new_delhi/after/Images/after_tile_r0011_c0036_1.png
INFO:app.dda.tree.image_service:Uploaded after_tile_r0011_c0037.png -> new_delhi/after/Images/after_tile_r0011_c0037_1.png
INFO:app.dda.tree.image_service:Uploaded after_tile_r0011_c0038.png -> new_delhi/after/Images/after_tile_r0011_c0038_1.png
INFO:app.dda.tree.image_service:Uploaded after_tile_r0011_c0039.png -> new_delhi/after/Images/after_tile_r0011_c0039_1.png
INFO:app.dda.tree.image_service:Uploaded after_tile_r0011_c0040.png -> new_delhi/after/Images/after_tile_r0011_c0040_1.png
INFO:app.dda.tree.image_service:Uploaded after_tile_r0011_c0041.png -> new_delhi/after/Images/after_tile_r0011_c0041_1.png
INFO:app.dda.tree.image_service:Uploaded after_tile_r0011_c0042.png -> new_delhi/after/Images/after_tile_r0011_c0042_1.png
INFO:app.dda.tree.image_service:Uploaded after_tile_r0011_c0043.png -> new_delhi/after/Images/after_tile_r0011_c0043_1.png
INFO:app.dda.tree.image_service:Uploaded after_tile_r0011_c0044.png -> new_delhi/after/Images/after_tile_r0011_c0044_1.png
INFO:app.dda.tree.image_service:Uploaded after_tile_r0011_c0045.png -> new_delhi/after/Images/after_tile_r0011_c0045_1.png
INFO:app.dda.tree.image_service:Uploaded after_tile_r0011_c0046.png -> new_delhi/after/Images/after_tile_r0011_c0046_1.png
INFO:app.dda.tree.image_service:Uploaded after_tile_r0011_c0047.png -> new_delhi/after/Images/after_tile_r0011_c0047_1.png
INFO:app.dda.tree.image_service:Uploaded after_tile_r0011_c0048.png -> new_delhi/after/Images/after_tile_r0011_c0048_1.png
INFO:app.dda.tree.image_service:Uploaded after_tile_r0011_c0049.png -> new_delhi/after/Images/after_tile_r0011_c0049_1.png
INFO:app.dda.tree.image_service:Uploaded after_tile_r0011_c0050.png -> new_delhi/after/Images/after_tile_r0011_c0050_1.png
INFO:app.dda.tree.image_service:Uploaded after_tile_r0011_c0051.png -> new_delhi/after/Images/after_tile_r0011_c0051_1.png
INFO:app.dda.tree.image_service:Uploaded after_tile_r0011_c0052.png -> new_delhi/after/Images/after_tile_r0011_c0052_1.png
INFO:app.dda.tree.image_service:Uploaded after_tile_r0011_c0053.png -> new_delhi/after/Images/after_tile_r0011_c0053_1.png
INFO:app.dda.tree.image_service:Uploaded after_tile_r0011_c0054.png -> new_delhi/after/Images/after_tile_r0011_c0054_1.png
INFO:app.dda.tree.image_service:Uploaded after_tile_r0011_c0055.png -> new_delhi/after/Images/after_tile_r0011_c0055_1.png
INFO:app.dda.tree.image_service:Uploaded after_tile_r0011_c0056.png -> new_delhi/after/Images/after_tile_r0011_c0056_1.png
INFO:app.dda.tree.image_service:Uploaded after_tile_r0011_c0057.png -> new_delhi/after/Images/after_tile_r0011_c0057_1.png
INFO:app.dda.tree.image_service:Uploaded after_tile_r0011_c0058.png -> new_delhi/after/Images/after_tile_r0011_c0058_1.png
INFO:app.dda.tree.image_service:Uploaded after_tile_r0011_c0059.png -> new_delhi/after/Images/after_tile_r0011_c0059_1.png
INFO:app.dda.tree.image_service:Uploaded after_tile_r0011_c0060.png -> new_delhi/after/Images/after_tile_r0011_c0060_1.png
INFO:app.dda.tree.image_service:Uploaded after_tile_r0011_c0061.png -> new_delhi/after/Images/after_tile_r0011_c0061_1.png
INFO:app.dda.tree.image_service:Uploaded after_tile_r0011_c0062.png -> new_delhi/after/Images/after_tile_r0011_c0062_1.png
INFO:app.dda.tree.image_service:Uploaded after_tile_r0011_c0063.png -> new_delhi/after/Images/after_tile_r0011_c0063_1.png
INFO:app.dda.tree.image_service:Uploaded after_tile_r0011_c0064.png -> new_delhi/after/Images/after_tile_r0011_c0064_1.png
INFO:app.dda.tree.image_service:Uploaded after_tile_r0011_c0065.png -> new_delhi/after/Images/after_tile_r0011_c0065_1.png
INFO:app.dda.tree.image_service:Uploaded after_tile_r0011_c0066.png -> new_delhi/after/Images/after_tile_r0011_c0066_1.png
INFO:app.dda.tree.image_service:Uploaded after_tile_r0011_c0067.png -> new_delhi/after/Images/after_tile_r0011_c0067_1.png
INFO:app.dda.tree.image_service:Uploaded after_tile_r0011_c0068.png -> new_delhi/after/Images/after_tile_r0011_c0068_1.png
INFO:app.dda.tree.image_service:Uploaded after_tile_r0011_c0069.png -> new_delhi/after/Images/after_tile_r0011_c0069_1.png
INFO:app.dda.tree.image_service:Uploaded after_tile_r0011_c0070.png -> new_delhi/after/Images/after_tile_r0011_c0070_1.png
INFO:app.dda.tree.image_service:Uploaded after_tile_r0011_c0071.png -> new_delhi/after/Images/after_tile_r0011_c0071_1.png
INFO:app.dda.tree.image_service:Uploaded after_tile_r0011_c0072.png -> new_delhi/after/Images/after_tile_r0011_c0072_1.png
INFO:app.dda.tree.image_service:Uploaded after_tile_r0011_c0073.png -> new_delhi/after/Images/after_tile_r0011_c0073_1.png
INFO:app.dda.tree.image_service:Uploaded after_tile_r0011_c0074.png -> new_delhi/after/Images/after_tile_r0011_c0074_1.png
INFO:app.dda.tree.image_service:Uploaded after_tile_r0011_c0075.png -> new_delhi/after/Images/after_tile_r0011_c0075_1.png
INFO:app.dda.tree.image_service:Uploaded after_tile_r0011_c0076.png -> new_delhi/after/Images/after_tile_r0011_c0076_1.png
INFO:app.dda.tree.image_service:Uploaded after_tile_r0011_c0077.png -> new_delhi/after/Images/after_tile_r0011_c0077_1.png
INFO:app.dda.tree.image_service:Uploaded after_tile_r0011_c0078.png -> new_delhi/after/Images/after_tile_r0011_c0078_1.png
INFO:app.dda.tree.image_service:Uploaded after_tile_r0011_c0079.png -> new_delhi/after/Images/after_tile_r0011_c0079_1.png
INFO:app.dda.tree.image_service:Uploaded after_tile_r0011_c0080.png -> new_delhi/after/Images/after_tile_r0011_c0080_1.png
INFO:app.dda.tree.image_service:Uploaded after_tile_r0011_c0081.png -> new_delhi/after/Images/after_tile_r0011_c0081_1.png
INFO:app.dda.tree.image_service:Uploaded after_tile_r0011_c0082.png -> new_delhi/after/Images/after_tile_r0011_c0082_1.png
INFO:app.dda.tree.image_service:Uploaded after_tile_r0011_c0083.png -> new_delhi/after/Images/after_tile_r0011_c0083_1.png
INFO:app.dda.tree.image_service:Uploaded after_tile_r0011_c0084.png -> new_delhi/after/Images/after_tile_r0011_c0084_1.png
INFO:app.dda.tree.image_service:Uploaded after_tile_r0011_c0085.png -> new_delhi/after/Images/after_tile_r0011_c0085_1.png
INFO:app.dda.tree.image_service:Uploaded after_tile_r0011_c0086.png -> new_delhi/after/Images/after_tile_r0011_c0086_1.png
INFO:app.dda.tree.image_service:Uploaded after_tile_r0011_c0087.png -> new_delhi/after/Images/after_tile_r0011_c0087_1.png
INFO:app.dda.tree.image_service:Uploaded after_tile_r0011_c0088.png -> new_delhi/after/Images/after_tile_r0011_c0088_1.png
INFO:app.dda.tree.image_service:Uploaded after_tile_r0011_c0089.png -> new_delhi/after/Images/after_tile_r0011_c0089_1.png
INFO:app.dda.tree.image_service:Uploaded after_tile_r0011_c0090.png -> new_delhi/after/Images/after_tile_r0011_c0090_1.png
INFO:app.dda.tree.image_service:Uploaded after_tile_r0011_c0091.png -> new_delhi/after/Images/after_tile_r0011_c0091_1.png
INFO:app.dda.tree.image_service:Uploaded after_tile_r0012_c0000.png -> new_delhi/after/Images/after_tile_r0012_c0000_1.png
INFO:app.dda.tree.image_service:Uploaded after_tile_r0012_c0001.png -> new_delhi/after/Images/after_tile_r0012_c0001_1.png
INFO:app.dda.tree.image_service:Uploaded after_tile_r0012_c0002.png -> new_delhi/after/Images/after_tile_r0012_c0002_1.png
INFO:app.dda.tree.image_service:Uploaded after_tile_r0012_c0003.png -> new_delhi/after/Images/after_tile_r0012_c0003_1.png
INFO:app.dda.tree.image_service:Uploaded after_tile_r0012_c0004.png -> new_delhi/after/Images/after_tile_r0012_c0004_1.png
INFO:app.dda.tree.image_service:Uploaded after_tile_r0012_c0005.png -> new_delhi/after/Images/after_tile_r0012_c0005_1.png
INFO:app.dda.tree.image_service:Uploaded after_tile_r0012_c0006.png -> new_delhi/after/Images/after_tile_r0012_c0006_1.png
INFO:app.dda.tree.image_service:Uploaded after_tile_r0012_c0007.png -> new_delhi/after/Images/after_tile_r0012_c0007_1.png
INFO:app.dda.tree.image_service:Uploaded after_tile_r0012_c0008.png -> new_delhi/after/Images/after_tile_r0012_c0008_1.png
INFO:app.dda.tree.image_service:Uploaded after_tile_r0012_c0009.png -> new_delhi/after/Images/after_tile_r0012_c0009_1.png
INFO:app.dda.tree.image_service:Uploaded after_tile_r0012_c0010.png -> new_delhi/after/Images/after_tile_r0012_c0010_1.png
INFO:app.dda.tree.image_service:Uploaded after_tile_r0012_c0011.png -> new_delhi/after/Images/after_tile_r0012_c0011_1.png
INFO:app.dda.tree.image_service:Uploaded after_tile_r0012_c0012.png -> new_delhi/after/Images/after_tile_r0012_c0012_1.png
INFO:app.dda.tree.image_service:Uploaded after_tile_r0012_c0013.png -> new_delhi/after/Images/after_tile_r0012_c0013_1.png
INFO:app.dda.tree.image_service:Uploaded after_tile_r0012_c0014.png -> new_delhi/after/Images/after_tile_r0012_c0014_1.png
INFO:app.dda.tree.image_service:Uploaded after_tile_r0012_c0015.png -> new_delhi/after/Images/after_tile_r0012_c0015_1.png
INFO:app.dda.tree.image_service:Uploaded after_tile_r0012_c0016.png -> new_delhi/after/Images/after_tile_r0012_c0016_1.png
INFO:app.dda.tree.image_service:Uploaded after_tile_r0012_c0017.png -> new_delhi/after/Images/after_tile_r0012_c0017_1.png
INFO:app.dda.tree.image_service:Uploaded after_tile_r0012_c0018.png -> new_delhi/after/Images/after_tile_r0012_c0018_1.png
INFO:app.dda.tree.image_service:Uploaded after_tile_r0012_c0019.png -> new_delhi/after/Images/after_tile_r0012_c0019_1.png
INFO:app.dda.tree.image_service:Uploaded after_tile_r0012_c0020.png -> new_delhi/after/Images/after_tile_r0012_c0020_1.png
INFO:app.dda.tree.image_service:Uploaded after_tile_r0012_c0021.png -> new_delhi/after/Images/after_tile_r0012_c0021_1.png
INFO:app.dda.tree.image_service:Uploaded after_tile_r0012_c0022.png -> new_delhi/after/Images/after_tile_r0012_c0022_1.png
INFO:app.dda.tree.image_service:Uploaded after_tile_r0012_c0023.png -> new_delhi/after/Images/after_tile_r0012_c0023_1.png
INFO:app.dda.tree.image_service:Uploaded after_tile_r0012_c0024.png -> new_delhi/after/Images/after_tile_r0012_c0024_1.png
INFO:app.dda.tree.image_service:Uploaded after_tile_r0012_c0025.png -> new_delhi/after/Images/after_tile_r0012_c0025_1.png
INFO:app.dda.tree.image_service:Uploaded after_tile_r0012_c0026.png -> new_delhi/after/Images/after_tile_r0012_c0026_1.png
INFO:app.dda.tree.image_service:Uploaded after_tile_r0012_c0027.png -> new_delhi/after/Images/after_tile_r0012_c0027_1.png
INFO:app.dda.tree.image_service:Uploaded after_tile_r0012_c0028.png -> new_delhi/after/Images/after_tile_r0012_c0028_1.png
INFO:app.dda.tree.image_service:Uploaded after_tile_r0012_c0029.png -> new_delhi/after/Images/after_tile_r0012_c0029_1.png
INFO:app.dda.tree.image_service:Uploaded after_tile_r0012_c0030.png -> new_delhi/after/Images/after_tile_r0012_c0030_1.png
INFO:app.dda.tree.image_service:Uploaded after_tile_r0012_c0031.png -> new_delhi/after/Images/after_tile_r0012_c0031_1.png
INFO:app.dda.tree.image_service:Uploaded after_tile_r0012_c0032.png -> new_delhi/after/Images/after_tile_r0012_c0032_1.png
INFO:app.dda.tree.image_service:Uploaded after_tile_r0012_c0033.png -> new_delhi/after/Images/after_tile_r0012_c0033_1.png
INFO:app.dda.tree.image_service:Uploaded after_tile_r0012_c0034.png -> new_delhi/after/Images/after_tile_r0012_c0034_1.png
INFO:app.dda.tree.image_service:Uploaded after_tile_r0012_c0035.png -> new_delhi/after/Images/after_tile_r0012_c0035_1.png
INFO:app.dda.tree.image_service:Uploaded after_tile_r0012_c0036.png -> new_delhi/after/Images/after_tile_r0012_c0036_1.png
INFO:app.dda.tree.image_service:Uploaded after_tile_r0012_c0037.png -> new_delhi/after/Images/after_tile_r0012_c0037_1.png
INFO:app.dda.tree.image_service:Uploaded after_tile_r0012_c0038.png -> new_delhi/after/Images/after_tile_r0012_c0038_1.png
INFO:app.dda.tree.image_service:Uploaded after_tile_r0012_c0039.png -> new_delhi/after/Images/after_tile_r0012_c0039_1.png
INFO:app.dda.tree.image_service:Uploaded after_tile_r0012_c0040.png -> new_delhi/after/Images/after_tile_r0012_c0040_1.png
INFO:app.dda.tree.image_service:Uploaded after_tile_r0012_c0041.png -> new_delhi/after/Images/after_tile_r0012_c0041_1.png
INFO:app.dda.tree.image_service:Uploaded after_tile_r0012_c0042.png -> new_delhi/after/Images/after_tile_r0012_c0042_1.png
INFO:app.dda.tree.image_service:Uploaded after_tile_r0012_c0043.png -> new_delhi/after/Images/after_tile_r0012_c0043_1.png
INFO:app.dda.tree.image_service:Uploaded after_tile_r0012_c0044.png -> new_delhi/after/Images/after_tile_r0012_c0044_1.png
INFO:app.dda.tree.image_service:Uploaded after_tile_r0012_c0045.png -> new_delhi/after/Images/after_tile_r0012_c0045_1.png
INFO:app.dda.tree.image_service:Uploaded after_tile_r0012_c0046.png -> new_delhi/after/Images/after_tile_r0012_c0046_1.png
INFO:app.dda.tree.image_service:Uploaded after_tile_r0012_c0047.png -> new_delhi/after/Images/after_tile_r0012_c0047_1.png
INFO:app.dda.tree.image_service:Uploaded after_tile_r0012_c0048.png -> new_delhi/after/Images/after_tile_r0012_c0048_1.png
INFO:app.dda.tree.image_service:Uploaded after_tile_r0012_c0049.png -> new_delhi/after/Images/after_tile_r0012_c0049_1.png
INFO:app.dda.tree.image_service:Uploaded after_tile_r0012_c0050.png -> new_delhi/after/Images/after_tile_r0012_c0050_1.png
INFO:app.dda.tree.image_service:Uploaded after_tile_r0012_c0051.png -> new_delhi/after/Images/after_tile_r0012_c0051_1.png
INFO:app.dda.tree.image_service:Uploaded after_tile_r0012_c0052.png -> new_delhi/after/Images/after_tile_r0012_c0052_1.png
INFO:app.dda.tree.image_service:Uploaded after_tile_r0012_c0053.png -> new_delhi/after/Images/after_tile_r0012_c0053_1.png
INFO:app.dda.tree.image_service:Uploaded after_tile_r0012_c0054.png -> new_delhi/after/Images/after_tile_r0012_c0054_1.png
INFO:app.dda.tree.image_service:Uploaded after_tile_r0012_c0055.png -> new_delhi/after/Images/after_tile_r0012_c0055_1.png
INFO:app.dda.tree.image_service:Uploaded after_tile_r0012_c0056.png -> new_delhi/after/Images/after_tile_r0012_c0056_1.png
INFO:app.dda.tree.image_service:Uploaded after_tile_r0012_c0057.png -> new_delhi/after/Images/after_tile_r0012_c0057_1.png
INFO:app.dda.tree.image_service:Uploaded after_tile_r0012_c0058.png -> new_delhi/after/Images/after_tile_r0012_c0058_1.png
INFO:app.dda.tree.image_service:Uploaded after_tile_r0012_c0059.png -> new_delhi/after/Images/after_tile_r0012_c0059_1.png
INFO:app.dda.tree.image_service:Uploaded after_tile_r0012_c0060.png -> new_delhi/after/Images/after_tile_r0012_c0060_1.png
INFO:app.dda.tree.image_service:Uploaded after_tile_r0012_c0061.png -> new_delhi/after/Images/after_tile_r0012_c0061_1.png
INFO:app.dda.tree.image_service:Uploaded after_tile_r0012_c0062.png -> new_delhi/after/Images/after_tile_r0012_c0062_1.png
INFO:app.dda.tree.image_service:Uploaded after_tile_r0012_c0063.png -> new_delhi/after/Images/after_tile_r0012_c0063_1.png
INFO:app.dda.tree.image_service:Uploaded after_tile_r0012_c0064.png -> new_delhi/after/Images/after_tile_r0012_c0064_1.png
INFO:app.dda.tree.image_service:Uploaded after_tile_r0012_c0065.png -> new_delhi/after/Images/after_tile_r0012_c0065_1.png
INFO:app.dda.tree.image_service:Uploaded after_tile_r0012_c0066.png -> new_delhi/after/Images/after_tile_r0012_c0066_1.png
INFO:app.dda.tree.image_service:Uploaded after_tile_r0012_c0067.png -> new_delhi/after/Images/after_tile_r0012_c0067_1.png
INFO:app.dda.tree.image_service:Uploaded after_tile_r0012_c0068.png -> new_delhi/after/Images/after_tile_r0012_c0068_1.png
INFO:app.dda.tree.image_service:Uploaded after_tile_r0012_c0069.png -> new_delhi/after/Images/after_tile_r0012_c0069_1.png
INFO:app.dda.tree.image_service:Uploaded after_tile_r0012_c0070.png -> new_delhi/after/Images/after_tile_r0012_c0070_1.png
INFO:app.dda.tree.image_service:Uploaded after_tile_r0012_c0071.png -> new_delhi/after/Images/after_tile_r0012_c0071_1.png
INFO:app.dda.tree.image_service:Uploaded after_tile_r0012_c0072.png -> new_delhi/after/Images/after_tile_r0012_c0072_1.png
INFO:app.dda.tree.image_service:Uploaded after_tile_r0012_c0073.png -> new_delhi/after/Images/after_tile_r0012_c0073_1.png
INFO:app.dda.tree.image_service:Uploaded after_tile_r0012_c0074.png -> new_delhi/after/Images/after_tile_r0012_c0074_1.png
INFO:app.dda.tree.image_service:Uploaded after_tile_r0012_c0075.png -> new_delhi/after/Images/after_tile_r0012_c0075_1.png
INFO:app.dda.tree.image_service:Uploaded after_tile_r0012_c0076.png -> new_delhi/after/Images/after_tile_r0012_c0076_1.png
INFO:app.dda.tree.image_service:Uploaded after_tile_r0012_c0077.png -> new_delhi/after/Images/after_tile_r0012_c0077_1.png
INFO:app.dda.tree.image_service:Uploaded after_tile_r0012_c0078.png -> new_delhi/after/Images/after_tile_r0012_c0078_1.png
INFO:app.dda.tree.image_service:Uploaded after_tile_r0012_c0079.png -> new_delhi/after/Images/after_tile_r0012_c0079_1.png
INFO:app.dda.tree.image_service:Uploaded after_tile_r0012_c0080.png -> new_delhi/after/Images/after_tile_r0012_c0080_1.png
INFO:app.dda.tree.image_service:Uploaded after_tile_r0012_c0081.png -> new_delhi/after/Images/after_tile_r0012_c0081_1.png
INFO:app.dda.tree.image_service:Uploaded after_tile_r0012_c0082.png -> new_delhi/after/Images/after_tile_r0012_c0082_1.png
INFO:app.dda.tree.image_service:Uploaded after_tile_r0012_c0083.png -> new_delhi/after/Images/after_tile_r0012_c0083_1.png
INFO:app.dda.tree.image_service:Uploaded after_tile_r0012_c0084.png -> new_delhi/after/Images/after_tile_r0012_c0084_1.png
INFO:app.dda.tree.image_service:Uploaded after_tile_r0012_c0085.png -> new_delhi/after/Images/after_tile_r0012_c0085_1.png
INFO:app.dda.tree.image_service:Uploaded after_tile_r0012_c0086.png -> new_delhi/after/Images/after_tile_r0012_c0086_1.png
INFO:app.dda.tree.image_service:Uploaded after_tile_r0012_c0087.png -> new_delhi/after/Images/after_tile_r0012_c0087_1.png
INFO:app.dda.tree.image_service:Uploaded after_tile_r0012_c0088.png -> new_delhi/after/Images/after_tile_r0012_c0088_1.png
INFO:app.dda.tree.image_service:Uploaded after_tile_r0012_c0089.png -> new_delhi/after/Images/after_tile_r0012_c0089_1.png
INFO:app.dda.tree.image_service:Uploaded after_tile_r0012_c0090.png -> new_delhi/after/Images/after_tile_r0012_c0090_1.png
INFO:app.dda.tree.image_service:Uploaded after_tile_r0012_c0091.png -> new_delhi/after/Images/after_tile_r0012_c0091_1.png
INFO:app.dda.tree.image_service:Uploaded after_tile_r0013_c0000.png -> new_delhi/after/Images/after_tile_r0013_c0000_1.png
INFO:app.dda.tree.image_service:Uploaded after_tile_r0013_c0001.png -> new_delhi/after/Images/after_tile_r0013_c0001_1.png
INFO:app.dda.tree.image_service:Uploaded after_tile_r0013_c0002.png -> new_delhi/after/Images/after_tile_r0013_c0002_1.png
INFO:app.dda.tree.image_service:Uploaded after_tile_r0013_c0003.png -> new_delhi/after/Images/after_tile_r0013_c0003_1.png
INFO:app.dda.tree.image_service:Uploaded after_tile_r0013_c0004.png -> new_delhi/after/Images/after_tile_r0013_c0004_1.png
INFO:app.dda.tree.image_service:Uploaded after_tile_r0013_c0005.png -> new_delhi/after/Images/after_tile_r0013_c0005_1.png
INFO:app.dda.tree.image_service:Uploaded after_tile_r0013_c0006.png -> new_delhi/after/Images/after_tile_r0013_c0006_1.png
INFO:app.dda.tree.image_service:Uploaded after_tile_r0013_c0007.png -> new_delhi/after/Images/after_tile_r0013_c0007_1.png
INFO:app.dda.tree.image_service:Uploaded after_tile_r0013_c0008.png -> new_delhi/after/Images/after_tile_r0013_c0008_1.png
INFO:app.dda.tree.image_service:Uploaded after_tile_r0013_c0009.png -> new_delhi/after/Images/after_tile_r0013_c0009_1.png
INFO:app.dda.tree.image_service:Uploaded after_tile_r0013_c0010.png -> new_delhi/after/Images/after_tile_r0013_c0010_1.png
INFO:app.dda.tree.image_service:Uploaded after_tile_r0013_c0011.png -> new_delhi/after/Images/after_tile_r0013_c0011_1.png
INFO:app.dda.tree.image_service:Uploaded after_tile_r0013_c0012.png -> new_delhi/after/Images/after_tile_r0013_c0012_1.png
INFO:app.dda.tree.image_service:Uploaded after_tile_r0013_c0013.png -> new_delhi/after/Images/after_tile_r0013_c0013_1.png
INFO:app.dda.tree.image_service:Uploaded after_tile_r0013_c0014.png -> new_delhi/after/Images/after_tile_r0013_c0014_1.png
INFO:app.dda.tree.image_service:Uploaded after_tile_r0013_c0015.png -> new_delhi/after/Images/after_tile_r0013_c0015_1.png
INFO:app.dda.tree.image_service:Uploaded after_tile_r0013_c0016.png -> new_delhi/after/Images/after_tile_r0013_c0016_1.png
INFO:app.dda.tree.image_service:Uploaded after_tile_r0013_c0017.png -> new_delhi/after/Images/after_tile_r0013_c0017_1.png
INFO:app.dda.tree.image_service:Uploaded after_tile_r0013_c0018.png -> new_delhi/after/Images/after_tile_r0013_c0018_1.png
INFO:app.dda.tree.image_service:Uploaded after_tile_r0013_c0019.png -> new_delhi/after/Images/after_tile_r0013_c0019_1.png
INFO:app.dda.tree.image_service:Uploaded after_tile_r0013_c0020.png -> new_delhi/after/Images/after_tile_r0013_c0020_1.png
INFO:app.dda.tree.image_service:Uploaded after_tile_r0013_c0021.png -> new_delhi/after/Images/after_tile_r0013_c0021_1.png
INFO:app.dda.tree.image_service:Uploaded after_tile_r0013_c0022.png -> new_delhi/after/Images/after_tile_r0013_c0022_1.png
INFO:app.dda.tree.image_service:Uploaded after_tile_r0013_c0023.png -> new_delhi/after/Images/after_tile_r0013_c0023_1.png
INFO:app.dda.tree.image_service:Uploaded after_tile_r0013_c0024.png -> new_delhi/after/Images/after_tile_r0013_c0024_1.png
INFO:app.dda.tree.image_service:Uploaded after_tile_r0013_c0025.png -> new_delhi/after/Images/after_tile_r0013_c0025_1.png
INFO:app.dda.tree.image_service:Uploaded after_tile_r0013_c0026.png -> new_delhi/after/Images/after_tile_r0013_c0026_1.png
INFO:app.dda.tree.image_service:Uploaded after_tile_r0013_c0027.png -> new_delhi/after/Images/after_tile_r0013_c0027_1.png
INFO:app.dda.tree.image_service:Uploaded after_tile_r0013_c0028.png -> new_delhi/after/Images/after_tile_r0013_c0028_1.png
INFO:app.dda.tree.image_service:Uploaded after_tile_r0013_c0029.png -> new_delhi/after/Images/after_tile_r0013_c0029_1.png
INFO:app.dda.tree.image_service:Uploaded after_tile_r0013_c0030.png -> new_delhi/after/Images/after_tile_r0013_c0030_1.png
INFO:app.dda.tree.image_service:Uploaded after_tile_r0013_c0031.png -> new_delhi/after/Images/after_tile_r0013_c0031_1.png
INFO:app.dda.tree.image_service:Uploaded after_tile_r0013_c0032.png -> new_delhi/after/Images/after_tile_r0013_c0032_1.png
INFO:app.dda.tree.image_service:Uploaded after_tile_r0013_c0033.png -> new_delhi/after/Images/after_tile_r0013_c0033_1.png
INFO:app.dda.tree.image_service:Uploaded after_tile_r0013_c0034.png -> new_delhi/after/Images/after_tile_r0013_c0034_1.png
INFO:app.dda.tree.image_service:Uploaded after_tile_r0013_c0035.png -> new_delhi/after/Images/after_tile_r0013_c0035_1.png
INFO:app.dda.tree.image_service:Uploaded after_tile_r0013_c0036.png -> new_delhi/after/Images/after_tile_r0013_c0036_1.png
INFO:app.dda.tree.image_service:Uploaded after_tile_r0013_c0037.png -> new_delhi/after/Images/after_tile_r0013_c0037_1.png
INFO:app.dda.tree.image_service:Uploaded after_tile_r0013_c0038.png -> new_delhi/after/Images/after_tile_r0013_c0038_1.png
INFO:app.dda.tree.image_service:Uploaded after_tile_r0013_c0039.png -> new_delhi/after/Images/after_tile_r0013_c0039_1.png
INFO:app.dda.tree.image_service:Uploaded after_tile_r0013_c0040.png -> new_delhi/after/Images/after_tile_r0013_c0040_1.png
INFO:app.dda.tree.image_service:Uploaded after_tile_r0013_c0041.png -> new_delhi/after/Images/after_tile_r0013_c0041_1.png
INFO:app.dda.tree.image_service:Uploaded after_tile_r0013_c0042.png -> new_delhi/after/Images/after_tile_r0013_c0042_1.png
INFO:app.dda.tree.image_service:Uploaded after_tile_r0013_c0043.png -> new_delhi/after/Images/after_tile_r0013_c0043_1.png
INFO:app.dda.tree.image_service:Uploaded after_tile_r0013_c0044.png -> new_delhi/after/Images/after_tile_r0013_c0044_1.png
INFO:app.dda.tree.image_service:Uploaded after_tile_r0013_c0045.png -> new_delhi/after/Images/after_tile_r0013_c0045_1.png
INFO:app.dda.tree.image_service:Uploaded after_tile_r0013_c0046.png -> new_delhi/after/Images/after_tile_r0013_c0046_1.png
INFO:app.dda.tree.image_service:Uploaded after_tile_r0013_c0047.png -> new_delhi/after/Images/after_tile_r0013_c0047_1.png
INFO:app.dda.tree.image_service:Uploaded after_tile_r0013_c0048.png -> new_delhi/after/Images/after_tile_r0013_c0048_1.png
INFO:app.dda.tree.image_service:Uploaded after_tile_r0013_c0049.png -> new_delhi/after/Images/after_tile_r0013_c0049_1.png
INFO:app.dda.tree.image_service:Uploaded after_tile_r0013_c0050.png -> new_delhi/after/Images/after_tile_r0013_c0050_1.png
INFO:app.dda.tree.image_service:Uploaded after_tile_r0013_c0051.png -> new_delhi/after/Images/after_tile_r0013_c0051_1.png
INFO:app.dda.tree.image_service:Uploaded after_tile_r0013_c0052.png -> new_delhi/after/Images/after_tile_r0013_c0052_1.png
INFO:app.dda.tree.image_service:Uploaded after_tile_r0013_c0053.png -> new_delhi/after/Images/after_tile_r0013_c0053_1.png
INFO:app.dda.tree.image_service:Uploaded after_tile_r0013_c0054.png -> new_delhi/after/Images/after_tile_r0013_c0054_1.png
INFO:app.dda.tree.image_service:Uploaded after_tile_r0013_c0055.png -> new_delhi/after/Images/after_tile_r0013_c0055_1.png
INFO:app.dda.tree.image_service:Uploaded after_tile_r0013_c0056.png -> new_delhi/after/Images/after_tile_r0013_c0056_1.png
INFO:app.dda.tree.image_service:Uploaded after_tile_r0013_c0057.png -> new_delhi/after/Images/after_tile_r0013_c0057_1.png
INFO:app.dda.tree.image_service:Uploaded after_tile_r0013_c0058.png -> new_delhi/after/Images/after_tile_r0013_c0058_1.png
INFO:app.dda.tree.image_service:Uploaded after_tile_r0013_c0059.png -> new_delhi/after/Images/after_tile_r0013_c0059_1.png
INFO:app.dda.tree.image_service:Uploaded after_tile_r0013_c0060.png -> new_delhi/after/Images/after_tile_r0013_c0060_1.png
INFO:app.dda.tree.image_service:Uploaded after_tile_r0013_c0061.png -> new_delhi/after/Images/after_tile_r0013_c0061_1.png
INFO:app.dda.tree.image_service:Uploaded after_tile_r0013_c0062.png -> new_delhi/after/Images/after_tile_r0013_c0062_1.png
INFO:app.dda.tree.image_service:Uploaded after_tile_r0013_c0063.png -> new_delhi/after/Images/after_tile_r0013_c0063_1.png
INFO:app.dda.tree.image_service:Uploaded after_tile_r0013_c0064.png -> new_delhi/after/Images/after_tile_r0013_c0064_1.png
INFO:app.dda.tree.image_service:Uploaded after_tile_r0013_c0065.png -> new_delhi/after/Images/after_tile_r0013_c0065_1.png
INFO:app.dda.tree.image_service:Uploaded after_tile_r0013_c0066.png -> new_delhi/after/Images/after_tile_r0013_c0066_1.png
INFO:app.dda.tree.image_service:Uploaded after_tile_r0013_c0067.png -> new_delhi/after/Images/after_tile_r0013_c0067_1.png
INFO:app.dda.tree.image_service:Uploaded after_tile_r0013_c0068.png -> new_delhi/after/Images/after_tile_r0013_c0068_1.png
INFO:app.dda.tree.image_service:Uploaded after_tile_r0013_c0069.png -> new_delhi/after/Images/after_tile_r0013_c0069_1.png
INFO:app.dda.tree.image_service:Uploaded after_tile_r0013_c0070.png -> new_delhi/after/Images/after_tile_r0013_c0070_1.png
INFO:app.dda.tree.image_service:Uploaded after_tile_r0013_c0071.png -> new_delhi/after/Images/after_tile_r0013_c0071_1.png
INFO:app.dda.tree.image_service:Uploaded after_tile_r0013_c0072.png -> new_delhi/after/Images/after_tile_r0013_c0072_1.png
INFO:app.dda.tree.image_service:Uploaded after_tile_r0013_c0073.png -> new_delhi/after/Images/after_tile_r0013_c0073_1.png
INFO:app.dda.tree.image_service:Uploaded after_tile_r0013_c0074.png -> new_delhi/after/Images/after_tile_r0013_c0074_1.png
INFO:app.dda.tree.image_service:Uploaded after_tile_r0013_c0075.png -> new_delhi/after/Images/after_tile_r0013_c0075_1.png
INFO:app.dda.tree.image_service:Uploaded after_tile_r0013_c0076.png -> new_delhi/after/Images/after_tile_r0013_c0076_1.png
INFO:app.dda.tree.image_service:Uploaded after_tile_r0013_c0077.png -> new_delhi/after/Images/after_tile_r0013_c0077_1.png
INFO:app.dda.tree.image_service:Uploaded after_tile_r0013_c0078.png -> new_delhi/after/Images/after_tile_r0013_c0078_1.png
INFO:app.dda.tree.image_service:Uploaded after_tile_r0013_c0079.png -> new_delhi/after/Images/after_tile_r0013_c0079_1.png
INFO:app.dda.tree.image_service:Uploaded after_tile_r0013_c0080.png -> new_delhi/after/Images/after_tile_r0013_c0080_1.png
INFO:app.dda.tree.image_service:Uploaded after_tile_r0013_c0081.png -> new_delhi/after/Images/after_tile_r0013_c0081_1.png
INFO:app.dda.tree.image_service:Uploaded after_tile_r0013_c0082.png -> new_delhi/after/Images/after_tile_r0013_c0082_1.png
INFO:app.dda.tree.image_service:Uploaded after_tile_r0013_c0083.png -> new_delhi/after/Images/after_tile_r0013_c0083_1.png
INFO:app.dda.tree.image_service:Uploaded after_tile_r0013_c0084.png -> new_delhi/after/Images/after_tile_r0013_c0084_1.png
INFO:app.dda.tree.image_service:Uploaded after_tile_r0013_c0085.png -> new_delhi/after/Images/after_tile_r0013_c0085_1.png
INFO:app.dda.tree.image_service:Uploaded after_tile_r0013_c0086.png -> new_delhi/after/Images/after_tile_r0013_c0086_1.png
INFO:app.dda.tree.image_service:Uploaded after_tile_r0013_c0087.png -> new_delhi/after/Images/after_tile_r0013_c0087_1.png
INFO:app.dda.tree.image_service:Uploaded after_tile_r0013_c0088.png -> new_delhi/after/Images/after_tile_r0013_c0088_1.png
INFO:app.dda.tree.image_service:Uploaded after_tile_r0013_c0089.png -> new_delhi/after/Images/after_tile_r0013_c0089_1.png
INFO:app.dda.tree.image_service:Uploaded after_tile_r0013_c0090.png -> new_delhi/after/Images/after_tile_r0013_c0090_1.png
INFO:app.dda.tree.image_service:Uploaded after_tile_r0013_c0091.png -> new_delhi/after/Images/after_tile_r0013_c0091_1.png
INFO:app.dda.tree.image_service:Uploaded after_tile_r0014_c0000.png -> new_delhi/after/Images/after_tile_r0014_c0000_1.png
INFO:app.dda.tree.image_service:Uploaded after_tile_r0014_c0001.png -> new_delhi/after/Images/after_tile_r0014_c0001_1.png
INFO:app.dda.tree.image_service:Uploaded after_tile_r0014_c0002.png -> new_delhi/after/Images/after_tile_r0014_c0002_1.png
INFO:app.dda.tree.image_service:Uploaded after_tile_r0014_c0003.png -> new_delhi/after/Images/after_tile_r0014_c0003_1.png
INFO:app.dda.tree.image_service:Uploaded after_tile_r0014_c0004.png -> new_delhi/after/Images/after_tile_r0014_c0004_1.png
INFO:app.dda.tree.image_service:Uploaded after_tile_r0014_c0005.png -> new_delhi/after/Images/after_tile_r0014_c0005_1.png
INFO:app.dda.tree.image_service:Uploaded after_tile_r0014_c0006.png -> new_delhi/after/Images/after_tile_r0014_c0006_1.png
INFO:app.dda.tree.image_service:Uploaded after_tile_r0014_c0007.png -> new_delhi/after/Images/after_tile_r0014_c0007_1.png
INFO:app.dda.tree.image_service:Uploaded after_tile_r0014_c0008.png -> new_delhi/after/Images/after_tile_r0014_c0008_1.png
INFO:app.dda.tree.image_service:Uploaded after_tile_r0014_c0009.png -> new_delhi/after/Images/after_tile_r0014_c0009_1.png
INFO:app.dda.tree.image_service:Uploaded after_tile_r0014_c0010.png -> new_delhi/after/Images/after_tile_r0014_c0010_1.png
INFO:app.dda.tree.image_service:Uploaded after_tile_r0014_c0011.png -> new_delhi/after/Images/after_tile_r0014_c0011_1.png
INFO:app.dda.tree.image_service:Uploaded after_tile_r0014_c0012.png -> new_delhi/after/Images/after_tile_r0014_c0012_1.png
INFO:app.dda.tree.image_service:Uploaded after_tile_r0014_c0013.png -> new_delhi/after/Images/after_tile_r0014_c0013_1.png
INFO:app.dda.tree.image_service:Uploaded after_tile_r0014_c0014.png -> new_delhi/after/Images/after_tile_r0014_c0014_1.png
INFO:app.dda.tree.image_service:Uploaded after_tile_r0014_c0015.png -> new_delhi/after/Images/after_tile_r0014_c0015_1.png
INFO:app.dda.tree.image_service:Uploaded after_tile_r0014_c0016.png -> new_delhi/after/Images/after_tile_r0014_c0016_1.png
INFO:app.dda.tree.image_service:Uploaded after_tile_r0014_c0017.png -> new_delhi/after/Images/after_tile_r0014_c0017_1.png
INFO:app.dda.tree.image_service:Uploaded after_tile_r0014_c0018.png -> new_delhi/after/Images/after_tile_r0014_c0018_1.png
INFO:app.dda.tree.image_service:Uploaded after_tile_r0014_c0019.png -> new_delhi/after/Images/after_tile_r0014_c0019_1.png
INFO:app.dda.tree.image_service:Uploaded after_tile_r0014_c0020.png -> new_delhi/after/Images/after_tile_r0014_c0020_1.png
INFO:app.dda.tree.image_service:Uploaded after_tile_r0014_c0021.png -> new_delhi/after/Images/after_tile_r0014_c0021_1.png
INFO:app.dda.tree.image_service:Uploaded after_tile_r0014_c0022.png -> new_delhi/after/Images/after_tile_r0014_c0022_1.png
INFO:app.dda.tree.image_service:Uploaded after_tile_r0014_c0023.png -> new_delhi/after/Images/after_tile_r0014_c0023_1.png
INFO:app.dda.tree.image_service:Uploaded after_tile_r0014_c0024.png -> new_delhi/after/Images/after_tile_r0014_c0024_1.png
INFO:app.dda.tree.image_service:Uploaded after_tile_r0014_c0025.png -> new_delhi/after/Images/after_tile_r0014_c0025_1.png
INFO:app.dda.tree.image_service:Uploaded after_tile_r0014_c0026.png -> new_delhi/after/Images/after_tile_r0014_c0026_1.png
INFO:app.dda.tree.image_service:Uploaded after_tile_r0014_c0027.png -> new_delhi/after/Images/after_tile_r0014_c0027_1.png
INFO:app.dda.tree.image_service:Uploaded after_tile_r0014_c0028.png -> new_delhi/after/Images/after_tile_r0014_c0028_1.png
INFO:app.dda.tree.image_service:Uploaded after_tile_r0014_c0029.png -> new_delhi/after/Images/after_tile_r0014_c0029_1.png
INFO:app.dda.tree.image_service:Uploaded after_tile_r0014_c0030.png -> new_delhi/after/Images/after_tile_r0014_c0030_1.png
INFO:app.dda.tree.image_service:Uploaded after_tile_r0014_c0031.png -> new_delhi/after/Images/after_tile_r0014_c0031_1.png
INFO:app.dda.tree.image_service:Uploaded after_tile_r0014_c0032.png -> new_delhi/after/Images/after_tile_r0014_c0032_1.png
INFO:app.dda.tree.image_service:Uploaded after_tile_r0014_c0033.png -> new_delhi/after/Images/after_tile_r0014_c0033_1.png
INFO:app.dda.tree.image_service:Uploaded after_tile_r0014_c0034.png -> new_delhi/after/Images/after_tile_r0014_c0034_1.png
INFO:app.dda.tree.image_service:Uploaded after_tile_r0014_c0035.png -> new_delhi/after/Images/after_tile_r0014_c0035_1.png
INFO:app.dda.tree.image_service:Uploaded after_tile_r0014_c0036.png -> new_delhi/after/Images/after_tile_r0014_c0036_1.png
INFO:app.dda.tree.image_service:Uploaded after_tile_r0014_c0037.png -> new_delhi/after/Images/after_tile_r0014_c0037_1.png
INFO:app.dda.tree.image_service:Uploaded after_tile_r0014_c0038.png -> new_delhi/after/Images/after_tile_r0014_c0038_1.png
INFO:app.dda.tree.image_service:Uploaded after_tile_r0014_c0039.png -> new_delhi/after/Images/after_tile_r0014_c0039_1.png
INFO:app.dda.tree.image_service:Uploaded after_tile_r0014_c0040.png -> new_delhi/after/Images/after_tile_r0014_c0040_1.png
INFO:app.dda.tree.image_service:Uploaded after_tile_r0014_c0041.png -> new_delhi/after/Images/after_tile_r0014_c0041_1.png
INFO:app.dda.tree.image_service:Uploaded after_tile_r0014_c0042.png -> new_delhi/after/Images/after_tile_r0014_c0042_1.png
INFO:app.dda.tree.image_service:Uploaded after_tile_r0014_c0043.png -> new_delhi/after/Images/after_tile_r0014_c0043_1.png
INFO:app.dda.tree.image_service:Uploaded after_tile_r0014_c0044.png -> new_delhi/after/Images/after_tile_r0014_c0044_1.png
INFO:app.dda.tree.image_service:Uploaded after_tile_r0014_c0045.png -> new_delhi/after/Images/after_tile_r0014_c0045_1.png
INFO:app.dda.tree.image_service:Uploaded after_tile_r0014_c0046.png -> new_delhi/after/Images/after_tile_r0014_c0046_1.png
INFO:app.dda.tree.image_service:Uploaded after_tile_r0014_c0047.png -> new_delhi/after/Images/after_tile_r0014_c0047_1.png
INFO:app.dda.tree.image_service:Uploaded after_tile_r0014_c0048.png -> new_delhi/after/Images/after_tile_r0014_c0048_1.png
INFO:app.dda.tree.image_service:Uploaded after_tile_r0014_c0049.png -> new_delhi/after/Images/after_tile_r0014_c0049_1.png
INFO:app.dda.tree.image_service:Uploaded after_tile_r0014_c0050.png -> new_delhi/after/Images/after_tile_r0014_c0050_1.png
INFO:app.dda.tree.image_service:Uploaded after_tile_r0014_c0051.png -> new_delhi/after/Images/after_tile_r0014_c0051_1.png
INFO:app.dda.tree.image_service:Uploaded after_tile_r0014_c0052.png -> new_delhi/after/Images/after_tile_r0014_c0052_1.png
INFO:app.dda.tree.image_service:Uploaded after_tile_r0014_c0053.png -> new_delhi/after/Images/after_tile_r0014_c0053_1.png
INFO:app.dda.tree.image_service:Uploaded after_tile_r0014_c0054.png -> new_delhi/after/Images/after_tile_r0014_c0054_1.png
INFO:app.dda.tree.image_service:Uploaded after_tile_r0014_c0055.png -> new_delhi/after/Images/after_tile_r0014_c0055_1.png
INFO:app.dda.tree.image_service:Uploaded after_tile_r0014_c0056.png -> new_delhi/after/Images/after_tile_r0014_c0056_1.png
INFO:app.dda.tree.image_service:Uploaded after_tile_r0014_c0057.png -> new_delhi/after/Images/after_tile_r0014_c0057_1.png
INFO:app.dda.tree.image_service:Uploaded after_tile_r0014_c0058.png -> new_delhi/after/Images/after_tile_r0014_c0058_1.png
INFO:app.dda.tree.image_service:Uploaded after_tile_r0014_c0059.png -> new_delhi/after/Images/after_tile_r0014_c0059_1.png
INFO:app.dda.tree.image_service:Uploaded after_tile_r0014_c0060.png -> new_delhi/after/Images/after_tile_r0014_c0060_1.png
INFO:app.dda.tree.image_service:Uploaded after_tile_r0014_c0061.png -> new_delhi/after/Images/after_tile_r0014_c0061_1.png
INFO:app.dda.tree.image_service:Uploaded after_tile_r0014_c0062.png -> new_delhi/after/Images/after_tile_r0014_c0062_1.png
INFO:app.dda.tree.image_service:Uploaded after_tile_r0014_c0063.png -> new_delhi/after/Images/after_tile_r0014_c0063_1.png
INFO:app.dda.tree.image_service:Uploaded after_tile_r0014_c0064.png -> new_delhi/after/Images/after_tile_r0014_c0064_1.png
INFO:app.dda.tree.image_service:Uploaded after_tile_r0014_c0065.png -> new_delhi/after/Images/after_tile_r0014_c0065_1.png
INFO:app.dda.tree.image_service:Uploaded after_tile_r0014_c0066.png -> new_delhi/after/Images/after_tile_r0014_c0066_1.png
INFO:app.dda.tree.image_service:Uploaded after_tile_r0014_c0067.png -> new_delhi/after/Images/after_tile_r0014_c0067_1.png
INFO:app.dda.tree.image_service:Uploaded after_tile_r0014_c0068.png -> new_delhi/after/Images/after_tile_r0014_c0068_1.png
INFO:app.dda.tree.image_service:Uploaded after_tile_r0014_c0069.png -> new_delhi/after/Images/after_tile_r0014_c0069_1.png
INFO:app.dda.tree.image_service:Uploaded after_tile_r0014_c0070.png -> new_delhi/after/Images/after_tile_r0014_c0070_1.png
INFO:app.dda.tree.image_service:Uploaded after_tile_r0014_c0071.png -> new_delhi/after/Images/after_tile_r0014_c0071_1.png
INFO:app.dda.tree.image_service:Uploaded after_tile_r0014_c0072.png -> new_delhi/after/Images/after_tile_r0014_c0072_1.png
INFO:app.dda.tree.image_service:Uploaded after_tile_r0014_c0073.png -> new_delhi/after/Images/after_tile_r0014_c0073_1.png
INFO:app.dda.tree.image_service:Uploaded after_tile_r0014_c0074.png -> new_delhi/after/Images/after_tile_r0014_c0074_1.png
INFO:app.dda.tree.image_service:Uploaded after_tile_r0014_c0075.png -> new_delhi/after/Images/after_tile_r0014_c0075_1.png
INFO:app.dda.tree.image_service:Uploaded after_tile_r0014_c0076.png -> new_delhi/after/Images/after_tile_r0014_c0076_1.png
INFO:app.dda.tree.image_service:Uploaded after_tile_r0014_c0077.png -> new_delhi/after/Images/after_tile_r0014_c0077_1.png
INFO:app.dda.tree.image_service:Uploaded after_tile_r0014_c0078.png -> new_delhi/after/Images/after_tile_r0014_c0078_1.png
INFO:app.dda.tree.image_service:Uploaded after_tile_r0014_c0079.png -> new_delhi/after/Images/after_tile_r0014_c0079_1.png
INFO:app.dda.tree.image_service:Uploaded after_tile_r0014_c0080.png -> new_delhi/after/Images/after_tile_r0014_c0080_1.png
INFO:app.dda.tree.image_service:Uploaded after_tile_r0014_c0081.png -> new_delhi/after/Images/after_tile_r0014_c0081_1.png
INFO:app.dda.tree.image_service:Uploaded after_tile_r0014_c0082.png -> new_delhi/after/Images/after_tile_r0014_c0082_1.png
INFO:app.dda.tree.image_service:Uploaded after_tile_r0014_c0083.png -> new_delhi/after/Images/after_tile_r0014_c0083_1.png
INFO:app.dda.tree.image_service:Uploaded after_tile_r0014_c0084.png -> new_delhi/after/Images/after_tile_r0014_c0084_1.png
INFO:app.dda.tree.image_service:Uploaded after_tile_r0014_c0085.png -> new_delhi/after/Images/after_tile_r0014_c0085_1.png
INFO:app.dda.tree.image_service:Uploaded after_tile_r0014_c0086.png -> new_delhi/after/Images/after_tile_r0014_c0086_1.png
INFO:app.dda.tree.image_service:Uploaded after_tile_r0014_c0087.png -> new_delhi/after/Images/after_tile_r0014_c0087_1.png
INFO:app.dda.tree.image_service:Uploaded after_tile_r0014_c0088.png -> new_delhi/after/Images/after_tile_r0014_c0088_1.png
INFO:app.dda.tree.image_service:Uploaded after_tile_r0014_c0089.png -> new_delhi/after/Images/after_tile_r0014_c0089_1.png
INFO:app.dda.tree.image_service:Uploaded after_tile_r0014_c0090.png -> new_delhi/after/Images/after_tile_r0014_c0090_1.png
INFO:app.dda.tree.image_service:Uploaded after_tile_r0014_c0091.png -> new_delhi/after/Images/after_tile_r0014_c0091_1.png
INFO:app.dda.tree.image_service:Uploaded after_tile_r0015_c0000.png -> new_delhi/after/Images/after_tile_r0015_c0000_1.png
INFO:app.dda.tree.image_service:Uploaded after_tile_r0015_c0001.png -> new_delhi/after/Images/after_tile_r0015_c0001_1.png
INFO:app.dda.tree.image_service:Uploaded after_tile_r0015_c0002.png -> new_delhi/after/Images/after_tile_r0015_c0002_1.png
INFO:app.dda.tree.image_service:Uploaded after_tile_r0015_c0003.png -> new_delhi/after/Images/after_tile_r0015_c0003_1.png
INFO:app.dda.tree.image_service:Uploaded after_tile_r0015_c0004.png -> new_delhi/after/Images/after_tile_r0015_c0004_1.png
INFO:app.dda.tree.image_service:Uploaded after_tile_r0015_c0005.png -> new_delhi/after/Images/after_tile_r0015_c0005_1.png
INFO:app.dda.tree.image_service:Uploaded after_tile_r0015_c0006.png -> new_delhi/after/Images/after_tile_r0015_c0006_1.png
INFO:app.dda.tree.image_service:Uploaded after_tile_r0015_c0007.png -> new_delhi/after/Images/after_tile_r0015_c0007_1.png
INFO:app.dda.tree.image_service:Uploaded after_tile_r0015_c0008.png -> new_delhi/after/Images/after_tile_r0015_c0008_1.png
INFO:app.dda.tree.image_service:Uploaded after_tile_r0015_c0009.png -> new_delhi/after/Images/after_tile_r0015_c0009_1.png
INFO:app.dda.tree.image_service:Uploaded after_tile_r0015_c0010.png -> new_delhi/after/Images/after_tile_r0015_c0010_1.png
INFO:app.dda.tree.image_service:Uploaded after_tile_r0015_c0011.png -> new_delhi/after/Images/after_tile_r0015_c0011_1.png
INFO:app.dda.tree.image_service:Uploaded after_tile_r0015_c0012.png -> new_delhi/after/Images/after_tile_r0015_c0012_1.png
INFO:app.dda.tree.image_service:Uploaded after_tile_r0015_c0013.png -> new_delhi/after/Images/after_tile_r0015_c0013_1.png
INFO:app.dda.tree.image_service:Uploaded after_tile_r0015_c0014.png -> new_delhi/after/Images/after_tile_r0015_c0014_1.png
INFO:app.dda.tree.image_service:Uploaded after_tile_r0015_c0015.png -> new_delhi/after/Images/after_tile_r0015_c0015_1.png
INFO:app.dda.tree.image_service:Uploaded after_tile_r0015_c0016.png -> new_delhi/after/Images/after_tile_r0015_c0016_1.png
INFO:app.dda.tree.image_service:Uploaded after_tile_r0015_c0017.png -> new_delhi/after/Images/after_tile_r0015_c0017_1.png
INFO:app.dda.tree.image_service:Uploaded after_tile_r0015_c0018.png -> new_delhi/after/Images/after_tile_r0015_c0018_1.png
INFO:app.dda.tree.image_service:Uploaded after_tile_r0015_c0019.png -> new_delhi/after/Images/after_tile_r0015_c0019_1.png
INFO:app.dda.tree.image_service:Uploaded after_tile_r0015_c0020.png -> new_delhi/after/Images/after_tile_r0015_c0020_1.png
INFO:app.dda.tree.image_service:Uploaded after_tile_r0015_c0021.png -> new_delhi/after/Images/after_tile_r0015_c0021_1.png
INFO:app.dda.tree.image_service:Uploaded after_tile_r0015_c0022.png -> new_delhi/after/Images/after_tile_r0015_c0022_1.png
INFO:app.dda.tree.image_service:Uploaded after_tile_r0015_c0023.png -> new_delhi/after/Images/after_tile_r0015_c0023_1.png
INFO:app.dda.tree.image_service:Uploaded after_tile_r0015_c0024.png -> new_delhi/after/Images/after_tile_r0015_c0024_1.png
INFO:app.dda.tree.image_service:Uploaded after_tile_r0015_c0025.png -> new_delhi/after/Images/after_tile_r0015_c0025_1.png
INFO:app.dda.tree.image_service:Uploaded after_tile_r0015_c0026.png -> new_delhi/after/Images/after_tile_r0015_c0026_1.png
INFO:app.dda.tree.image_service:Uploaded after_tile_r0015_c0027.png -> new_delhi/after/Images/after_tile_r0015_c0027_1.png
INFO:app.dda.tree.image_service:Uploaded after_tile_r0015_c0028.png -> new_delhi/after/Images/after_tile_r0015_c0028_1.png
INFO:app.dda.tree.image_service:Uploaded after_tile_r0015_c0029.png -> new_delhi/after/Images/after_tile_r0015_c0029_1.png
INFO:app.dda.tree.image_service:Uploaded after_tile_r0015_c0030.png -> new_delhi/after/Images/after_tile_r0015_c0030_1.png
INFO:app.dda.tree.image_service:Uploaded after_tile_r0015_c0031.png -> new_delhi/after/Images/after_tile_r0015_c0031_1.png
INFO:app.dda.tree.image_service:Uploaded after_tile_r0015_c0032.png -> new_delhi/after/Images/after_tile_r0015_c0032_1.png
INFO:app.dda.tree.image_service:Uploaded after_tile_r0015_c0033.png -> new_delhi/after/Images/after_tile_r0015_c0033_1.png
INFO:app.dda.tree.image_service:Uploaded after_tile_r0015_c0034.png -> new_delhi/after/Images/after_tile_r0015_c0034_1.png
INFO:app.dda.tree.image_service:Uploaded after_tile_r0015_c0035.png -> new_delhi/after/Images/after_tile_r0015_c0035_1.png
INFO:app.dda.tree.image_service:Uploaded after_tile_r0015_c0036.png -> new_delhi/after/Images/after_tile_r0015_c0036_1.png
INFO:app.dda.tree.image_service:Uploaded after_tile_r0015_c0037.png -> new_delhi/after/Images/after_tile_r0015_c0037_1.png
INFO:app.dda.tree.image_service:Uploaded after_tile_r0015_c0038.png -> new_delhi/after/Images/after_tile_r0015_c0038_1.png
INFO:app.dda.tree.image_service:Uploaded after_tile_r0015_c0039.png -> new_delhi/after/Images/after_tile_r0015_c0039_1.png
INFO:app.dda.tree.image_service:Uploaded after_tile_r0015_c0040.png -> new_delhi/after/Images/after_tile_r0015_c0040_1.png
INFO:app.dda.tree.image_service:Uploaded after_tile_r0015_c0041.png -> new_delhi/after/Images/after_tile_r0015_c0041_1.png
INFO:app.dda.tree.image_service:Uploaded after_tile_r0015_c0042.png -> new_delhi/after/Images/after_tile_r0015_c0042_1.png
INFO:app.dda.tree.image_service:Uploaded after_tile_r0015_c0043.png -> new_delhi/after/Images/after_tile_r0015_c0043_1.png
INFO:app.dda.tree.image_service:Uploaded after_tile_r0015_c0044.png -> new_delhi/after/Images/after_tile_r0015_c0044_1.png
INFO:app.dda.tree.image_service:Uploaded after_tile_r0015_c0045.png -> new_delhi/after/Images/after_tile_r0015_c0045_1.png
INFO:app.dda.tree.image_service:Uploaded after_tile_r0015_c0046.png -> new_delhi/after/Images/after_tile_r0015_c0046_1.png
INFO:app.dda.tree.image_service:Uploaded after_tile_r0015_c0047.png -> new_delhi/after/Images/after_tile_r0015_c0047_1.png
INFO:app.dda.tree.image_service:Uploaded after_tile_r0015_c0048.png -> new_delhi/after/Images/after_tile_r0015_c0048_1.png
INFO:app.dda.tree.image_service:Uploaded after_tile_r0015_c0049.png -> new_delhi/after/Images/after_tile_r0015_c0049_1.png
INFO:app.dda.tree.image_service:Uploaded after_tile_r0015_c0050.png -> new_delhi/after/Images/after_tile_r0015_c0050_1.png
INFO:app.dda.tree.image_service:Uploaded after_tile_r0015_c0051.png -> new_delhi/after/Images/after_tile_r0015_c0051_1.png
INFO:app.dda.tree.image_service:Uploaded after_tile_r0015_c0052.png -> new_delhi/after/Images/after_tile_r0015_c0052_1.png
INFO:app.dda.tree.image_service:Uploaded after_tile_r0015_c0053.png -> new_delhi/after/Images/after_tile_r0015_c0053_1.png
INFO:app.dda.tree.image_service:Uploaded after_tile_r0015_c0054.png -> new_delhi/after/Images/after_tile_r0015_c0054_1.png
INFO:app.dda.tree.image_service:Uploaded after_tile_r0015_c0055.png -> new_delhi/after/Images/after_tile_r0015_c0055_1.png
INFO:app.dda.tree.image_service:Uploaded after_tile_r0015_c0056.png -> new_delhi/after/Images/after_tile_r0015_c0056_1.png
INFO:app.dda.tree.image_service:Uploaded after_tile_r0015_c0057.png -> new_delhi/after/Images/after_tile_r0015_c0057_1.png
INFO:app.dda.tree.image_service:Uploaded after_tile_r0015_c0058.png -> new_delhi/after/Images/after_tile_r0015_c0058_1.png
INFO:app.dda.tree.image_service:Uploaded after_tile_r0015_c0059.png -> new_delhi/after/Images/after_tile_r0015_c0059_1.png
INFO:app.dda.tree.image_service:Uploaded after_tile_r0015_c0060.png -> new_delhi/after/Images/after_tile_r0015_c0060_1.png
INFO:app.dda.tree.image_service:Uploaded after_tile_r0015_c0061.png -> new_delhi/after/Images/after_tile_r0015_c0061_1.png
INFO:app.dda.tree.image_service:Uploaded after_tile_r0015_c0062.png -> new_delhi/after/Images/after_tile_r0015_c0062_1.png
INFO:app.dda.tree.image_service:Uploaded after_tile_r0015_c0063.png -> new_delhi/after/Images/after_tile_r0015_c0063_1.png
INFO:app.dda.tree.image_service:Uploaded after_tile_r0015_c0064.png -> new_delhi/after/Images/after_tile_r0015_c0064_1.png
INFO:app.dda.tree.image_service:Uploaded after_tile_r0015_c0065.png -> new_delhi/after/Images/after_tile_r0015_c0065_1.png
INFO:app.dda.tree.image_service:Uploaded after_tile_r0015_c0066.png -> new_delhi/after/Images/after_tile_r0015_c0066_1.png
INFO:app.dda.tree.image_service:Uploaded after_tile_r0015_c0067.png -> new_delhi/after/Images/after_tile_r0015_c0067_1.png
INFO:app.dda.tree.image_service:Uploaded after_tile_r0015_c0068.png -> new_delhi/after/Images/after_tile_r0015_c0068_1.png
INFO:app.dda.tree.image_service:Uploaded after_tile_r0015_c0069.png -> new_delhi/after/Images/after_tile_r0015_c0069_1.png
INFO:app.dda.tree.image_service:Uploaded after_tile_r0015_c0070.png -> new_delhi/after/Images/after_tile_r0015_c0070_1.png
INFO:app.dda.tree.image_service:Uploaded after_tile_r0015_c0071.png -> new_delhi/after/Images/after_tile_r0015_c0071_1.png
INFO:app.dda.tree.image_service:Uploaded after_tile_r0015_c0072.png -> new_delhi/after/Images/after_tile_r0015_c0072_1.png
INFO:app.dda.tree.image_service:Uploaded after_tile_r0015_c0073.png -> new_delhi/after/Images/after_tile_r0015_c0073_1.png
INFO:app.dda.tree.image_service:Uploaded after_tile_r0015_c0074.png -> new_delhi/after/Images/after_tile_r0015_c0074_1.png
INFO:app.dda.tree.image_service:Uploaded after_tile_r0015_c0075.png -> new_delhi/after/Images/after_tile_r0015_c0075_1.png
INFO:app.dda.tree.image_service:Uploaded after_tile_r0015_c0076.png -> new_delhi/after/Images/after_tile_r0015_c0076_1.png
INFO:app.dda.tree.image_service:Uploaded after_tile_r0015_c0077.png -> new_delhi/after/Images/after_tile_r0015_c0077_1.png
INFO:app.dda.tree.image_service:Uploaded after_tile_r0015_c0078.png -> new_delhi/after/Images/after_tile_r0015_c0078_1.png
INFO:app.dda.tree.image_service:Uploaded after_tile_r0015_c0079.png -> new_delhi/after/Images/after_tile_r0015_c0079_1.png
INFO:app.dda.tree.image_service:Uploaded after_tile_r0015_c0080.png -> new_delhi/after/Images/after_tile_r0015_c0080_1.png
INFO:app.dda.tree.image_service:Uploaded after_tile_r0015_c0081.png -> new_delhi/after/Images/after_tile_r0015_c0081_1.png
INFO:app.dda.tree.image_service:Uploaded after_tile_r0015_c0082.png -> new_delhi/after/Images/after_tile_r0015_c0082_1.png
INFO:app.dda.tree.image_service:Uploaded after_tile_r0015_c0083.png -> new_delhi/after/Images/after_tile_r0015_c0083_1.png
INFO:app.dda.tree.image_service:Uploaded after_tile_r0015_c0084.png -> new_delhi/after/Images/after_tile_r0015_c0084_1.png
INFO:app.dda.tree.image_service:Uploaded after_tile_r0015_c0085.png -> new_delhi/after/Images/after_tile_r0015_c0085_1.png
INFO:app.dda.tree.image_service:Uploaded after_tile_r0015_c0086.png -> new_delhi/after/Images/after_tile_r0015_c0086_1.png
INFO:app.dda.tree.image_service:Uploaded after_tile_r0015_c0087.png -> new_delhi/after/Images/after_tile_r0015_c0087_1.png
INFO:app.dda.tree.image_service:Uploaded after_tile_r0015_c0088.png -> new_delhi/after/Images/after_tile_r0015_c0088_1.png
INFO:app.dda.tree.image_service:Uploaded after_tile_r0015_c0089.png -> new_delhi/after/Images/after_tile_r0015_c0089_1.png
INFO:app.dda.tree.image_service:Uploaded after_tile_r0015_c0090.png -> new_delhi/after/Images/after_tile_r0015_c0090_1.png
INFO:app.dda.tree.image_service:Uploaded after_tile_r0015_c0091.png -> new_delhi/after/Images/after_tile_r0015_c0091_1.png
INFO:app.dda.tree.image_service:Uploaded after_tile_r0016_c0000.png -> new_delhi/after/Images/after_tile_r0016_c0000_1.png
INFO:app.dda.tree.image_service:Uploaded after_tile_r0016_c0001.png -> new_delhi/after/Images/after_tile_r0016_c0001_1.png
INFO:app.dda.tree.image_service:Uploaded after_tile_r0016_c0002.png -> new_delhi/after/Images/after_tile_r0016_c0002_1.png
INFO:app.dda.tree.image_service:Uploaded after_tile_r0016_c0003.png -> new_delhi/after/Images/after_tile_r0016_c0003_1.png
INFO:app.dda.tree.image_service:Uploaded after_tile_r0016_c0004.png -> new_delhi/after/Images/after_tile_r0016_c0004_1.png
INFO:app.dda.tree.image_service:Uploaded after_tile_r0016_c0005.png -> new_delhi/after/Images/after_tile_r0016_c0005_1.png
INFO:app.dda.tree.image_service:Uploaded after_tile_r0016_c0006.png -> new_delhi/after/Images/after_tile_r0016_c0006_1.png
INFO:app.dda.tree.image_service:Uploaded after_tile_r0016_c0007.png -> new_delhi/after/Images/after_tile_r0016_c0007_1.png
INFO:app.dda.tree.image_service:Uploaded after_tile_r0016_c0008.png -> new_delhi/after/Images/after_tile_r0016_c0008_1.png
INFO:app.dda.tree.image_service:Uploaded after_tile_r0016_c0009.png -> new_delhi/after/Images/after_tile_r0016_c0009_1.png
INFO:app.dda.tree.image_service:Uploaded after_tile_r0016_c0010.png -> new_delhi/after/Images/after_tile_r0016_c0010_1.png
INFO:app.dda.tree.image_service:Uploaded after_tile_r0016_c0011.png -> new_delhi/after/Images/after_tile_r0016_c0011_1.png
INFO:app.dda.tree.image_service:Uploaded after_tile_r0016_c0012.png -> new_delhi/after/Images/after_tile_r0016_c0012_1.png
INFO:app.dda.tree.image_service:Uploaded after_tile_r0016_c0013.png -> new_delhi/after/Images/after_tile_r0016_c0013_1.png
INFO:app.dda.tree.image_service:Uploaded after_tile_r0016_c0014.png -> new_delhi/after/Images/after_tile_r0016_c0014_1.png
INFO:app.dda.tree.image_service:Uploaded after_tile_r0016_c0015.png -> new_delhi/after/Images/after_tile_r0016_c0015_1.png
INFO:app.dda.tree.image_service:Uploaded after_tile_r0016_c0016.png -> new_delhi/after/Images/after_tile_r0016_c0016_1.png
INFO:app.dda.tree.image_service:Uploaded after_tile_r0016_c0017.png -> new_delhi/after/Images/after_tile_r0016_c0017_1.png
INFO:app.dda.tree.image_service:Uploaded after_tile_r0016_c0018.png -> new_delhi/after/Images/after_tile_r0016_c0018_1.png
INFO:app.dda.tree.image_service:Uploaded after_tile_r0016_c0019.png -> new_delhi/after/Images/after_tile_r0016_c0019_1.png
INFO:app.dda.tree.image_service:Uploaded after_tile_r0016_c0020.png -> new_delhi/after/Images/after_tile_r0016_c0020_1.png
INFO:app.dda.tree.image_service:Uploaded after_tile_r0016_c0021.png -> new_delhi/after/Images/after_tile_r0016_c0021_1.png
INFO:app.dda.tree.image_service:Uploaded after_tile_r0016_c0022.png -> new_delhi/after/Images/after_tile_r0016_c0022_1.png
INFO:app.dda.tree.image_service:Uploaded after_tile_r0016_c0023.png -> new_delhi/after/Images/after_tile_r0016_c0023_1.png
INFO:app.dda.tree.image_service:Uploaded after_tile_r0016_c0024.png -> new_delhi/after/Images/after_tile_r0016_c0024_1.png
INFO:app.dda.tree.image_service:Uploaded after_tile_r0016_c0025.png -> new_delhi/after/Images/after_tile_r0016_c0025_1.png
INFO:app.dda.tree.image_service:Uploaded after_tile_r0016_c0026.png -> new_delhi/after/Images/after_tile_r0016_c0026_1.png
INFO:app.dda.tree.image_service:Uploaded after_tile_r0016_c0027.png -> new_delhi/after/Images/after_tile_r0016_c0027_1.png
INFO:app.dda.tree.image_service:Uploaded after_tile_r0016_c0028.png -> new_delhi/after/Images/after_tile_r0016_c0028_1.png
INFO:app.dda.tree.image_service:Uploaded after_tile_r0016_c0029.png -> new_delhi/after/Images/after_tile_r0016_c0029_1.png
INFO:app.dda.tree.image_service:Uploaded after_tile_r0016_c0030.png -> new_delhi/after/Images/after_tile_r0016_c0030_1.png
INFO:app.dda.tree.image_service:Uploaded after_tile_r0016_c0031.png -> new_delhi/after/Images/after_tile_r0016_c0031_1.png
INFO:app.dda.tree.image_service:Uploaded after_tile_r0016_c0032.png -> new_delhi/after/Images/after_tile_r0016_c0032_1.png
INFO:app.dda.tree.image_service:Uploaded after_tile_r0016_c0033.png -> new_delhi/after/Images/after_tile_r0016_c0033_1.png
INFO:app.dda.tree.image_service:Uploaded after_tile_r0016_c0034.png -> new_delhi/after/Images/after_tile_r0016_c0034_1.png
INFO:app.dda.tree.image_service:Uploaded after_tile_r0016_c0035.png -> new_delhi/after/Images/after_tile_r0016_c0035_1.png
INFO:app.dda.tree.image_service:Uploaded after_tile_r0016_c0036.png -> new_delhi/after/Images/after_tile_r0016_c0036_1.png
INFO:app.dda.tree.image_service:Uploaded after_tile_r0016_c0037.png -> new_delhi/after/Images/after_tile_r0016_c0037_1.png
INFO:app.dda.tree.image_service:Uploaded after_tile_r0016_c0038.png -> new_delhi/after/Images/after_tile_r0016_c0038_1.png
INFO:app.dda.tree.image_service:Uploaded after_tile_r0016_c0039.png -> new_delhi/after/Images/after_tile_r0016_c0039_1.png
INFO:app.dda.tree.image_service:Uploaded after_tile_r0016_c0040.png -> new_delhi/after/Images/after_tile_r0016_c0040_1.png
INFO:app.dda.tree.image_service:Uploaded after_tile_r0016_c0041.png -> new_delhi/after/Images/after_tile_r0016_c0041_1.png
INFO:app.dda.tree.image_service:Uploaded after_tile_r0016_c0042.png -> new_delhi/after/Images/after_tile_r0016_c0042_1.png
INFO:app.dda.tree.image_service:Uploaded after_tile_r0016_c0043.png -> new_delhi/after/Images/after_tile_r0016_c0043_1.png
INFO:app.dda.tree.image_service:Uploaded after_tile_r0016_c0044.png -> new_delhi/after/Images/after_tile_r0016_c0044_1.png
INFO:app.dda.tree.image_service:Uploaded after_tile_r0016_c0045.png -> new_delhi/after/Images/after_tile_r0016_c0045_1.png
INFO:app.dda.tree.image_service:Uploaded after_tile_r0016_c0046.png -> new_delhi/after/Images/after_tile_r0016_c0046_1.png
INFO:app.dda.tree.image_service:Uploaded after_tile_r0016_c0047.png -> new_delhi/after/Images/after_tile_r0016_c0047_1.png
INFO:app.dda.tree.image_service:Uploaded after_tile_r0016_c0048.png -> new_delhi/after/Images/after_tile_r0016_c0048_1.png
INFO:app.dda.tree.image_service:Uploaded after_tile_r0016_c0049.png -> new_delhi/after/Images/after_tile_r0016_c0049_1.png
INFO:app.dda.tree.image_service:Uploaded after_tile_r0016_c0050.png -> new_delhi/after/Images/after_tile_r0016_c0050_1.png
INFO:app.dda.tree.image_service:Uploaded after_tile_r0016_c0051.png -> new_delhi/after/Images/after_tile_r0016_c0051_1.png
INFO:app.dda.tree.image_service:Uploaded after_tile_r0016_c0052.png -> new_delhi/after/Images/after_tile_r0016_c0052_1.png
INFO:app.dda.tree.image_service:Uploaded after_tile_r0016_c0053.png -> new_delhi/after/Images/after_tile_r0016_c0053_1.png
INFO:app.dda.tree.image_service:Uploaded after_tile_r0016_c0054.png -> new_delhi/after/Images/after_tile_r0016_c0054_1.png
INFO:app.dda.tree.image_service:Uploaded after_tile_r0016_c0055.png -> new_delhi/after/Images/after_tile_r0016_c0055_1.png
INFO:app.dda.tree.image_service:Uploaded after_tile_r0016_c0056.png -> new_delhi/after/Images/after_tile_r0016_c0056_1.png
INFO:app.dda.tree.image_service:Uploaded after_tile_r0016_c0057.png -> new_delhi/after/Images/after_tile_r0016_c0057_1.png
INFO:app.dda.tree.image_service:Uploaded after_tile_r0016_c0058.png -> new_delhi/after/Images/after_tile_r0016_c0058_1.png
INFO:app.dda.tree.image_service:Uploaded after_tile_r0016_c0059.png -> new_delhi/after/Images/after_tile_r0016_c0059_1.png
INFO:app.dda.tree.image_service:Uploaded after_tile_r0016_c0060.png -> new_delhi/after/Images/after_tile_r0016_c0060_1.png
INFO:app.dda.tree.image_service:Uploaded after_tile_r0016_c0061.png -> new_delhi/after/Images/after_tile_r0016_c0061_1.png
INFO:app.dda.tree.image_service:Uploaded after_tile_r0016_c0062.png -> new_delhi/after/Images/after_tile_r0016_c0062_1.png
INFO:app.dda.tree.image_service:Uploaded after_tile_r0016_c0063.png -> new_delhi/after/Images/after_tile_r0016_c0063_1.png
INFO:app.dda.tree.image_service:Uploaded after_tile_r0016_c0064.png -> new_delhi/after/Images/after_tile_r0016_c0064_1.png
INFO:app.dda.tree.image_service:Uploaded after_tile_r0016_c0065.png -> new_delhi/after/Images/after_tile_r0016_c0065_1.png
INFO:app.dda.tree.image_service:Uploaded after_tile_r0016_c0066.png -> new_delhi/after/Images/after_tile_r0016_c0066_1.png
INFO:app.dda.tree.image_service:Uploaded after_tile_r0016_c0067.png -> new_delhi/after/Images/after_tile_r0016_c0067_1.png
INFO:app.dda.tree.image_service:Uploaded after_tile_r0016_c0068.png -> new_delhi/after/Images/after_tile_r0016_c0068_1.png
INFO:app.dda.tree.image_service:Uploaded after_tile_r0016_c0069.png -> new_delhi/after/Images/after_tile_r0016_c0069_1.png
INFO:app.dda.tree.image_service:Uploaded after_tile_r0016_c0070.png -> new_delhi/after/Images/after_tile_r0016_c0070_1.png
INFO:app.dda.tree.image_service:Uploaded after_tile_r0016_c0071.png -> new_delhi/after/Images/after_tile_r0016_c0071_1.png
INFO:app.dda.tree.image_service:Uploaded after_tile_r0016_c0072.png -> new_delhi/after/Images/after_tile_r0016_c0072_1.png
INFO:app.dda.tree.image_service:Uploaded after_tile_r0016_c0073.png -> new_delhi/after/Images/after_tile_r0016_c0073_1.png
INFO:app.dda.tree.image_service:Uploaded after_tile_r0016_c0074.png -> new_delhi/after/Images/after_tile_r0016_c0074_1.png
INFO:app.dda.tree.image_service:Uploaded after_tile_r0016_c0075.png -> new_delhi/after/Images/after_tile_r0016_c0075_1.png
INFO:app.dda.tree.image_service:Uploaded after_tile_r0016_c0076.png -> new_delhi/after/Images/after_tile_r0016_c0076_1.png
INFO:app.dda.tree.image_service:Uploaded after_tile_r0016_c0077.png -> new_delhi/after/Images/after_tile_r0016_c0077_1.png
INFO:app.dda.tree.image_service:Uploaded after_tile_r0016_c0078.png -> new_delhi/after/Images/after_tile_r0016_c0078_1.png
INFO:app.dda.tree.image_service:Uploaded after_tile_r0016_c0079.png -> new_delhi/after/Images/after_tile_r0016_c0079_1.png
INFO:app.dda.tree.image_service:Uploaded after_tile_r0016_c0080.png -> new_delhi/after/Images/after_tile_r0016_c0080_1.png
INFO:app.dda.tree.image_service:Uploaded after_tile_r0016_c0081.png -> new_delhi/after/Images/after_tile_r0016_c0081_1.png
INFO:app.dda.tree.image_service:Uploaded after_tile_r0016_c0082.png -> new_delhi/after/Images/after_tile_r0016_c0082_1.png
INFO:app.dda.tree.image_service:Uploaded after_tile_r0016_c0083.png -> new_delhi/after/Images/after_tile_r0016_c0083_1.png
INFO:app.dda.tree.image_service:Uploaded after_tile_r0016_c0084.png -> new_delhi/after/Images/after_tile_r0016_c0084_1.png
INFO:app.dda.tree.image_service:Uploaded after_tile_r0016_c0085.png -> new_delhi/after/Images/after_tile_r0016_c0085_1.png
INFO:app.dda.tree.image_service:Uploaded after_tile_r0016_c0086.png -> new_delhi/after/Images/after_tile_r0016_c0086_1.png
INFO:app.dda.tree.image_service:Uploaded after_tile_r0016_c0087.png -> new_delhi/after/Images/after_tile_r0016_c0087_1.png
INFO:app.dda.tree.image_service:Uploaded after_tile_r0016_c0088.png -> new_delhi/after/Images/after_tile_r0016_c0088_1.png
INFO:app.dda.tree.image_service:Uploaded after_tile_r0016_c0089.png -> new_delhi/after/Images/after_tile_r0016_c0089_1.png
INFO:app.dda.tree.image_service:Uploaded after_tile_r0016_c0090.png -> new_delhi/after/Images/after_tile_r0016_c0090_1.png
INFO:app.dda.tree.image_service:Uploaded after_tile_r0016_c0091.png -> new_delhi/after/Images/after_tile_r0016_c0091_1.png
INFO:app.dda.tree.image_service:Uploaded after_tile_r0017_c0000.png -> new_delhi/after/Images/after_tile_r0017_c0000_1.png
INFO:app.dda.tree.image_service:Uploaded after_tile_r0017_c0001.png -> new_delhi/after/Images/after_tile_r0017_c0001_1.png
INFO:app.dda.tree.image_service:Uploaded after_tile_r0017_c0002.png -> new_delhi/after/Images/after_tile_r0017_c0002_1.png
INFO:app.dda.tree.image_service:Uploaded after_tile_r0017_c0003.png -> new_delhi/after/Images/after_tile_r0017_c0003_1.png
INFO:app.dda.tree.image_service:Uploaded after_tile_r0017_c0004.png -> new_delhi/after/Images/after_tile_r0017_c0004_1.png
INFO:app.dda.tree.image_service:Uploaded after_tile_r0017_c0005.png -> new_delhi/after/Images/after_tile_r0017_c0005_1.png
INFO:app.dda.tree.image_service:Uploaded after_tile_r0017_c0006.png -> new_delhi/after/Images/after_tile_r0017_c0006_1.png
INFO:app.dda.tree.image_service:Uploaded after_tile_r0017_c0007.png -> new_delhi/after/Images/after_tile_r0017_c0007_1.png
INFO:app.dda.tree.image_service:Uploaded after_tile_r0017_c0008.png -> new_delhi/after/Images/after_tile_r0017_c0008_1.png
INFO:app.dda.tree.image_service:Uploaded after_tile_r0017_c0009.png -> new_delhi/after/Images/after_tile_r0017_c0009_1.png
INFO:app.dda.tree.image_service:Uploaded after_tile_r0017_c0010.png -> new_delhi/after/Images/after_tile_r0017_c0010_1.png
INFO:app.dda.tree.image_service:Uploaded after_tile_r0017_c0011.png -> new_delhi/after/Images/after_tile_r0017_c0011_1.png
INFO:app.dda.tree.image_service:Uploaded after_tile_r0017_c0012.png -> new_delhi/after/Images/after_tile_r0017_c0012_1.png
INFO:app.dda.tree.image_service:Uploaded after_tile_r0017_c0013.png -> new_delhi/after/Images/after_tile_r0017_c0013_1.png
INFO:app.dda.tree.image_service:Uploaded after_tile_r0017_c0014.png -> new_delhi/after/Images/after_tile_r0017_c0014_1.png
INFO:app.dda.tree.image_service:Uploaded after_tile_r0017_c0015.png -> new_delhi/after/Images/after_tile_r0017_c0015_1.png
INFO:app.dda.tree.image_service:Uploaded after_tile_r0017_c0016.png -> new_delhi/after/Images/after_tile_r0017_c0016_1.png
INFO:app.dda.tree.image_service:Uploaded after_tile_r0017_c0017.png -> new_delhi/after/Images/after_tile_r0017_c0017_1.png
INFO:app.dda.tree.image_service:Uploaded after_tile_r0017_c0018.png -> new_delhi/after/Images/after_tile_r0017_c0018_1.png
INFO:app.dda.tree.image_service:Uploaded after_tile_r0017_c0019.png -> new_delhi/after/Images/after_tile_r0017_c0019_1.png
INFO:app.dda.tree.image_service:Uploaded after_tile_r0017_c0020.png -> new_delhi/after/Images/after_tile_r0017_c0020_1.png
INFO:app.dda.tree.image_service:Uploaded after_tile_r0017_c0021.png -> new_delhi/after/Images/after_tile_r0017_c0021_1.png
INFO:app.dda.tree.image_service:Uploaded after_tile_r0017_c0022.png -> new_delhi/after/Images/after_tile_r0017_c0022_1.png
INFO:app.dda.tree.image_service:Uploaded after_tile_r0017_c0023.png -> new_delhi/after/Images/after_tile_r0017_c0023_1.png
INFO:app.dda.tree.image_service:Uploaded after_tile_r0017_c0024.png -> new_delhi/after/Images/after_tile_r0017_c0024_1.png
INFO:app.dda.tree.image_service:Uploaded after_tile_r0017_c0025.png -> new_delhi/after/Images/after_tile_r0017_c0025_1.png
INFO:app.dda.tree.image_service:Uploaded after_tile_r0017_c0026.png -> new_delhi/after/Images/after_tile_r0017_c0026_1.png
INFO:app.dda.tree.image_service:Uploaded after_tile_r0017_c0027.png -> new_delhi/after/Images/after_tile_r0017_c0027_1.png
INFO:app.dda.tree.image_service:Uploaded after_tile_r0017_c0028.png -> new_delhi/after/Images/after_tile_r0017_c0028_1.png
INFO:app.dda.tree.image_service:Uploaded after_tile_r0017_c0029.png -> new_delhi/after/Images/after_tile_r0017_c0029_1.png
INFO:app.dda.tree.image_service:Uploaded after_tile_r0017_c0030.png -> new_delhi/after/Images/after_tile_r0017_c0030_1.png
INFO:app.dda.tree.image_service:Uploaded after_tile_r0017_c0031.png -> new_delhi/after/Images/after_tile_r0017_c0031_1.png
INFO:app.dda.tree.image_service:Uploaded after_tile_r0017_c0032.png -> new_delhi/after/Images/after_tile_r0017_c0032_1.png
INFO:app.dda.tree.image_service:Uploaded after_tile_r0017_c0033.png -> new_delhi/after/Images/after_tile_r0017_c0033_1.png
INFO:app.dda.tree.image_service:Uploaded after_tile_r0017_c0034.png -> new_delhi/after/Images/after_tile_r0017_c0034_1.png
INFO:app.dda.tree.image_service:Uploaded after_tile_r0017_c0035.png -> new_delhi/after/Images/after_tile_r0017_c0035_1.png
INFO:app.dda.tree.image_service:Uploaded after_tile_r0017_c0036.png -> new_delhi/after/Images/after_tile_r0017_c0036_1.png
INFO:app.dda.tree.image_service:Uploaded after_tile_r0017_c0037.png -> new_delhi/after/Images/after_tile_r0017_c0037_1.png
INFO:app.dda.tree.image_service:Uploaded after_tile_r0017_c0038.png -> new_delhi/after/Images/after_tile_r0017_c0038_1.png
INFO:app.dda.tree.image_service:Uploaded after_tile_r0017_c0039.png -> new_delhi/after/Images/after_tile_r0017_c0039_1.png
INFO:app.dda.tree.image_service:Uploaded after_tile_r0017_c0040.png -> new_delhi/after/Images/after_tile_r0017_c0040_1.png
INFO:app.dda.tree.image_service:Uploaded after_tile_r0017_c0041.png -> new_delhi/after/Images/after_tile_r0017_c0041_1.png
INFO:app.dda.tree.image_service:Uploaded after_tile_r0017_c0042.png -> new_delhi/after/Images/after_tile_r0017_c0042_1.png
INFO:app.dda.tree.image_service:Uploaded after_tile_r0017_c0043.png -> new_delhi/after/Images/after_tile_r0017_c0043_1.png
INFO:app.dda.tree.image_service:Uploaded after_tile_r0017_c0044.png -> new_delhi/after/Images/after_tile_r0017_c0044_1.png
INFO:app.dda.tree.image_service:Uploaded after_tile_r0017_c0045.png -> new_delhi/after/Images/after_tile_r0017_c0045_1.png
INFO:app.dda.tree.image_service:Uploaded after_tile_r0017_c0046.png -> new_delhi/after/Images/after_tile_r0017_c0046_1.png
INFO:app.dda.tree.image_service:Uploaded after_tile_r0017_c0047.png -> new_delhi/after/Images/after_tile_r0017_c0047_1.png
INFO:app.dda.tree.image_service:Uploaded after_tile_r0017_c0048.png -> new_delhi/after/Images/after_tile_r0017_c0048_1.png
INFO:app.dda.tree.image_service:Uploaded after_tile_r0017_c0049.png -> new_delhi/after/Images/after_tile_r0017_c0049_1.png
INFO:app.dda.tree.image_service:Uploaded after_tile_r0017_c0050.png -> new_delhi/after/Images/after_tile_r0017_c0050_1.png
INFO:app.dda.tree.image_service:Uploaded after_tile_r0017_c0051.png -> new_delhi/after/Images/after_tile_r0017_c0051_1.png
INFO:app.dda.tree.image_service:Uploaded after_tile_r0017_c0052.png -> new_delhi/after/Images/after_tile_r0017_c0052_1.png
INFO:app.dda.tree.image_service:Uploaded after_tile_r0017_c0053.png -> new_delhi/after/Images/after_tile_r0017_c0053_1.png
INFO:app.dda.tree.image_service:Uploaded after_tile_r0017_c0054.png -> new_delhi/after/Images/after_tile_r0017_c0054_1.png
INFO:app.dda.tree.image_service:Uploaded after_tile_r0017_c0055.png -> new_delhi/after/Images/after_tile_r0017_c0055_1.png
INFO:app.dda.tree.image_service:Uploaded after_tile_r0017_c0056.png -> new_delhi/after/Images/after_tile_r0017_c0056_1.png
INFO:app.dda.tree.image_service:Uploaded after_tile_r0017_c0057.png -> new_delhi/after/Images/after_tile_r0017_c0057_1.png
INFO:app.dda.tree.image_service:Uploaded after_tile_r0017_c0058.png -> new_delhi/after/Images/after_tile_r0017_c0058_1.png
INFO:app.dda.tree.image_service:Uploaded after_tile_r0017_c0059.png -> new_delhi/after/Images/after_tile_r0017_c0059_1.png
INFO:app.dda.tree.image_service:Uploaded after_tile_r0017_c0060.png -> new_delhi/after/Images/after_tile_r0017_c0060_1.png
INFO:app.dda.tree.image_service:Uploaded after_tile_r0017_c0061.png -> new_delhi/after/Images/after_tile_r0017_c0061_1.png
INFO:app.dda.tree.image_service:Uploaded after_tile_r0017_c0062.png -> new_delhi/after/Images/after_tile_r0017_c0062_1.png
INFO:app.dda.tree.image_service:Uploaded after_tile_r0017_c0063.png -> new_delhi/after/Images/after_tile_r0017_c0063_1.png
INFO:app.dda.tree.image_service:Uploaded after_tile_r0017_c0064.png -> new_delhi/after/Images/after_tile_r0017_c0064_1.png
INFO:app.dda.tree.image_service:Uploaded after_tile_r0017_c0065.png -> new_delhi/after/Images/after_tile_r0017_c0065_1.png
INFO:app.dda.tree.image_service:Uploaded after_tile_r0017_c0066.png -> new_delhi/after/Images/after_tile_r0017_c0066_1.png
INFO:app.dda.tree.image_service:Uploaded after_tile_r0017_c0067.png -> new_delhi/after/Images/after_tile_r0017_c0067_1.png
INFO:app.dda.tree.image_service:Uploaded after_tile_r0017_c0068.png -> new_delhi/after/Images/after_tile_r0017_c0068_1.png
INFO:app.dda.tree.image_service:Uploaded after_tile_r0017_c0069.png -> new_delhi/after/Images/after_tile_r0017_c0069_1.png
INFO:app.dda.tree.image_service:Uploaded after_tile_r0017_c0070.png -> new_delhi/after/Images/after_tile_r0017_c0070_1.png
INFO:app.dda.tree.image_service:Uploaded after_tile_r0017_c0071.png -> new_delhi/after/Images/after_tile_r0017_c0071_1.png
INFO:app.dda.tree.image_service:Uploaded after_tile_r0017_c0072.png -> new_delhi/after/Images/after_tile_r0017_c0072_1.png
INFO:app.dda.tree.image_service:Uploaded after_tile_r0017_c0073.png -> new_delhi/after/Images/after_tile_r0017_c0073_1.png
INFO:app.dda.tree.image_service:Uploaded after_tile_r0017_c0074.png -> new_delhi/after/Images/after_tile_r0017_c0074_1.png
INFO:app.dda.tree.image_service:Uploaded after_tile_r0017_c0075.png -> new_delhi/after/Images/after_tile_r0017_c0075_1.png
INFO:app.dda.tree.image_service:Uploaded after_tile_r0017_c0076.png -> new_delhi/after/Images/after_tile_r0017_c0076_1.png
INFO:app.dda.tree.image_service:Uploaded after_tile_r0017_c0077.png -> new_delhi/after/Images/after_tile_r0017_c0077_1.png
INFO:app.dda.tree.image_service:Uploaded after_tile_r0017_c0078.png -> new_delhi/after/Images/after_tile_r0017_c0078_1.png
INFO:app.dda.tree.image_service:Uploaded after_tile_r0017_c0079.png -> new_delhi/after/Images/after_tile_r0017_c0079_1.png
INFO:app.dda.tree.image_service:Uploaded after_tile_r0017_c0080.png -> new_delhi/after/Images/after_tile_r0017_c0080_1.png
INFO:app.dda.tree.image_service:Uploaded after_tile_r0017_c0081.png -> new_delhi/after/Images/after_tile_r0017_c0081_1.png
INFO:app.dda.tree.image_service:Uploaded after_tile_r0017_c0082.png -> new_delhi/after/Images/after_tile_r0017_c0082_1.png
INFO:app.dda.tree.image_service:Uploaded after_tile_r0017_c0083.png -> new_delhi/after/Images/after_tile_r0017_c0083_1.png
INFO:app.dda.tree.image_service:Uploaded after_tile_r0017_c0084.png -> new_delhi/after/Images/after_tile_r0017_c0084_1.png
INFO:app.dda.tree.image_service:Uploaded after_tile_r0017_c0085.png -> new_delhi/after/Images/after_tile_r0017_c0085_1.png
INFO:app.dda.tree.image_service:Uploaded after_tile_r0017_c0086.png -> new_delhi/after/Images/after_tile_r0017_c0086_1.png
INFO:app.dda.tree.image_service:Uploaded after_tile_r0017_c0087.png -> new_delhi/after/Images/after_tile_r0017_c0087_1.png
INFO:app.dda.tree.image_service:Uploaded after_tile_r0017_c0088.png -> new_delhi/after/Images/after_tile_r0017_c0088_1.png
INFO:app.dda.tree.image_service:Uploaded after_tile_r0017_c0089.png -> new_delhi/after/Images/after_tile_r0017_c0089_1.png
INFO:app.dda.tree.image_service:Uploaded after_tile_r0017_c0090.png -> new_delhi/after/Images/after_tile_r0017_c0090_1.png
INFO:app.dda.tree.image_service:Uploaded after_tile_r0017_c0091.png -> new_delhi/after/Images/after_tile_r0017_c0091_1.png
INFO:app.dda.tree.image_service:Uploaded after_tile_r0018_c0000.png -> new_delhi/after/Images/after_tile_r0018_c0000_1.png
INFO:app.dda.tree.image_service:Uploaded after_tile_r0018_c0001.png -> new_delhi/after/Images/after_tile_r0018_c0001_1.png
INFO:app.dda.tree.image_service:Uploaded after_tile_r0018_c0002.png -> new_delhi/after/Images/after_tile_r0018_c0002_1.png
INFO:app.dda.tree.image_service:Uploaded after_tile_r0018_c0003.png -> new_delhi/after/Images/after_tile_r0018_c0003_1.png
INFO:app.dda.tree.image_service:Uploaded after_tile_r0018_c0004.png -> new_delhi/after/Images/after_tile_r0018_c0004_1.png
INFO:app.dda.tree.image_service:Uploaded after_tile_r0018_c0005.png -> new_delhi/after/Images/after_tile_r0018_c0005_1.png
INFO:app.dda.tree.image_service:Uploaded after_tile_r0018_c0006.png -> new_delhi/after/Images/after_tile_r0018_c0006_1.png
INFO:app.dda.tree.image_service:Uploaded after_tile_r0018_c0007.png -> new_delhi/after/Images/after_tile_r0018_c0007_1.png
INFO:app.dda.tree.image_service:Uploaded after_tile_r0018_c0008.png -> new_delhi/after/Images/after_tile_r0018_c0008_1.png
INFO:app.dda.tree.image_service:Uploaded after_tile_r0018_c0009.png -> new_delhi/after/Images/after_tile_r0018_c0009_1.png
INFO:app.dda.tree.image_service:Uploaded after_tile_r0018_c0010.png -> new_delhi/after/Images/after_tile_r0018_c0010_1.png
INFO:app.dda.tree.image_service:Uploaded after_tile_r0018_c0011.png -> new_delhi/after/Images/after_tile_r0018_c0011_1.png
INFO:app.dda.tree.image_service:Uploaded after_tile_r0018_c0012.png -> new_delhi/after/Images/after_tile_r0018_c0012_1.png
INFO:app.dda.tree.image_service:Uploaded after_tile_r0018_c0013.png -> new_delhi/after/Images/after_tile_r0018_c0013_1.png
INFO:app.dda.tree.image_service:Uploaded after_tile_r0018_c0014.png -> new_delhi/after/Images/after_tile_r0018_c0014_1.png
INFO:app.dda.tree.image_service:Uploaded after_tile_r0018_c0015.png -> new_delhi/after/Images/after_tile_r0018_c0015_1.png
INFO:app.dda.tree.image_service:Uploaded after_tile_r0018_c0016.png -> new_delhi/after/Images/after_tile_r0018_c0016_1.png
INFO:app.dda.tree.image_service:Uploaded after_tile_r0018_c0017.png -> new_delhi/after/Images/after_tile_r0018_c0017_1.png
INFO:app.dda.tree.image_service:Uploaded after_tile_r0018_c0018.png -> new_delhi/after/Images/after_tile_r0018_c0018_1.png
INFO:app.dda.tree.image_service:Uploaded after_tile_r0018_c0019.png -> new_delhi/after/Images/after_tile_r0018_c0019_1.png
INFO:app.dda.tree.image_service:Uploaded after_tile_r0018_c0020.png -> new_delhi/after/Images/after_tile_r0018_c0020_1.png
INFO:app.dda.tree.image_service:Uploaded after_tile_r0018_c0021.png -> new_delhi/after/Images/after_tile_r0018_c0021_1.png
INFO:app.dda.tree.image_service:Uploaded after_tile_r0018_c0022.png -> new_delhi/after/Images/after_tile_r0018_c0022_1.png
INFO:app.dda.tree.image_service:Uploaded after_tile_r0018_c0023.png -> new_delhi/after/Images/after_tile_r0018_c0023_1.png
INFO:app.dda.tree.image_service:Uploaded after_tile_r0018_c0024.png -> new_delhi/after/Images/after_tile_r0018_c0024_1.png
INFO:app.dda.tree.image_service:Uploaded after_tile_r0018_c0025.png -> new_delhi/after/Images/after_tile_r0018_c0025_1.png
INFO:app.dda.tree.image_service:Uploaded after_tile_r0018_c0026.png -> new_delhi/after/Images/after_tile_r0018_c0026_1.png
INFO:app.dda.tree.image_service:Uploaded after_tile_r0018_c0027.png -> new_delhi/after/Images/after_tile_r0018_c0027_1.png
INFO:app.dda.tree.image_service:Uploaded after_tile_r0018_c0028.png -> new_delhi/after/Images/after_tile_r0018_c0028_1.png
INFO:app.dda.tree.image_service:Uploaded after_tile_r0018_c0029.png -> new_delhi/after/Images/after_tile_r0018_c0029_1.png
INFO:app.dda.tree.image_service:Uploaded after_tile_r0018_c0030.png -> new_delhi/after/Images/after_tile_r0018_c0030_1.png
INFO:app.dda.tree.image_service:Uploaded after_tile_r0018_c0031.png -> new_delhi/after/Images/after_tile_r0018_c0031_1.png
INFO:app.dda.tree.image_service:Uploaded after_tile_r0018_c0032.png -> new_delhi/after/Images/after_tile_r0018_c0032_1.png
INFO:app.dda.tree.image_service:Uploaded after_tile_r0018_c0033.png -> new_delhi/after/Images/after_tile_r0018_c0033_1.png
INFO:app.dda.tree.image_service:Uploaded after_tile_r0018_c0034.png -> new_delhi/after/Images/after_tile_r0018_c0034_1.png
INFO:app.dda.tree.image_service:Uploaded after_tile_r0018_c0035.png -> new_delhi/after/Images/after_tile_r0018_c0035_1.png
INFO:app.dda.tree.image_service:Uploaded after_tile_r0018_c0036.png -> new_delhi/after/Images/after_tile_r0018_c0036_1.png
INFO:app.dda.tree.image_service:Uploaded after_tile_r0018_c0037.png -> new_delhi/after/Images/after_tile_r0018_c0037_1.png
INFO:app.dda.tree.image_service:Uploaded after_tile_r0018_c0038.png -> new_delhi/after/Images/after_tile_r0018_c0038_1.png
INFO:app.dda.tree.image_service:Uploaded after_tile_r0018_c0039.png -> new_delhi/after/Images/after_tile_r0018_c0039_1.png
INFO:app.dda.tree.image_service:Uploaded after_tile_r0018_c0040.png -> new_delhi/after/Images/after_tile_r0018_c0040_1.png
INFO:app.dda.tree.image_service:Uploaded after_tile_r0018_c0041.png -> new_delhi/after/Images/after_tile_r0018_c0041_1.png
INFO:app.dda.tree.image_service:Uploaded after_tile_r0018_c0042.png -> new_delhi/after/Images/after_tile_r0018_c0042_1.png
INFO:app.dda.tree.image_service:Uploaded after_tile_r0018_c0043.png -> new_delhi/after/Images/after_tile_r0018_c0043_1.png
INFO:app.dda.tree.image_service:Uploaded after_tile_r0018_c0044.png -> new_delhi/after/Images/after_tile_r0018_c0044_1.png
INFO:app.dda.tree.image_service:Uploaded after_tile_r0018_c0045.png -> new_delhi/after/Images/after_tile_r0018_c0045_1.png
INFO:app.dda.tree.image_service:Uploaded after_tile_r0018_c0046.png -> new_delhi/after/Images/after_tile_r0018_c0046_1.png
INFO:app.dda.tree.image_service:Uploaded after_tile_r0018_c0047.png -> new_delhi/after/Images/after_tile_r0018_c0047_1.png
INFO:app.dda.tree.image_service:Uploaded after_tile_r0018_c0048.png -> new_delhi/after/Images/after_tile_r0018_c0048_1.png
INFO:app.dda.tree.image_service:Uploaded after_tile_r0018_c0049.png -> new_delhi/after/Images/after_tile_r0018_c0049_1.png
INFO:app.dda.tree.image_service:Uploaded after_tile_r0018_c0050.png -> new_delhi/after/Images/after_tile_r0018_c0050_1.png
INFO:app.dda.tree.image_service:Uploaded after_tile_r0018_c0051.png -> new_delhi/after/Images/after_tile_r0018_c0051_1.png
INFO:app.dda.tree.image_service:Uploaded after_tile_r0018_c0052.png -> new_delhi/after/Images/after_tile_r0018_c0052_1.png
INFO:app.dda.tree.image_service:Uploaded after_tile_r0018_c0053.png -> new_delhi/after/Images/after_tile_r0018_c0053_1.png
INFO:app.dda.tree.image_service:Uploaded after_tile_r0018_c0054.png -> new_delhi/after/Images/after_tile_r0018_c0054_1.png
INFO:app.dda.tree.image_service:Uploaded after_tile_r0018_c0055.png -> new_delhi/after/Images/after_tile_r0018_c0055_1.png
INFO:app.dda.tree.image_service:Uploaded after_tile_r0018_c0056.png -> new_delhi/after/Images/after_tile_r0018_c0056_1.png
INFO:app.dda.tree.image_service:Uploaded after_tile_r0018_c0057.png -> new_delhi/after/Images/after_tile_r0018_c0057_1.png
INFO:app.dda.tree.image_service:Uploaded after_tile_r0018_c0058.png -> new_delhi/after/Images/after_tile_r0018_c0058_1.png
INFO:app.dda.tree.image_service:Uploaded after_tile_r0018_c0059.png -> new_delhi/after/Images/after_tile_r0018_c0059_1.png
INFO:app.dda.tree.image_service:Uploaded after_tile_r0018_c0060.png -> new_delhi/after/Images/after_tile_r0018_c0060_1.png
INFO:app.dda.tree.image_service:Uploaded after_tile_r0018_c0061.png -> new_delhi/after/Images/after_tile_r0018_c0061_1.png
INFO:app.dda.tree.image_service:Uploaded after_tile_r0018_c0062.png -> new_delhi/after/Images/after_tile_r0018_c0062_1.png
INFO:app.dda.tree.image_service:Uploaded after_tile_r0018_c0063.png -> new_delhi/after/Images/after_tile_r0018_c0063_1.png
INFO:app.dda.tree.image_service:Uploaded after_tile_r0018_c0064.png -> new_delhi/after/Images/after_tile_r0018_c0064_1.png
INFO:app.dda.tree.image_service:Uploaded after_tile_r0018_c0065.png -> new_delhi/after/Images/after_tile_r0018_c0065_1.png
INFO:app.dda.tree.image_service:Uploaded after_tile_r0018_c0066.png -> new_delhi/after/Images/after_tile_r0018_c0066_1.png
INFO:app.dda.tree.image_service:Uploaded after_tile_r0018_c0067.png -> new_delhi/after/Images/after_tile_r0018_c0067_1.png
INFO:app.dda.tree.image_service:Uploaded after_tile_r0018_c0068.png -> new_delhi/after/Images/after_tile_r0018_c0068_1.png
INFO:app.dda.tree.image_service:Uploaded after_tile_r0018_c0069.png -> new_delhi/after/Images/after_tile_r0018_c0069_1.png
INFO:app.dda.tree.image_service:Uploaded after_tile_r0018_c0070.png -> new_delhi/after/Images/after_tile_r0018_c0070_1.png
INFO:app.dda.tree.image_service:Uploaded after_tile_r0018_c0071.png -> new_delhi/after/Images/after_tile_r0018_c0071_1.png
INFO:app.dda.tree.image_service:Uploaded after_tile_r0018_c0072.png -> new_delhi/after/Images/after_tile_r0018_c0072_1.png
INFO:app.dda.tree.image_service:Uploaded after_tile_r0018_c0073.png -> new_delhi/after/Images/after_tile_r0018_c0073_1.png
INFO:app.dda.tree.image_service:Uploaded after_tile_r0018_c0074.png -> new_delhi/after/Images/after_tile_r0018_c0074_1.png
INFO:app.dda.tree.image_service:Uploaded after_tile_r0018_c0075.png -> new_delhi/after/Images/after_tile_r0018_c0075_1.png
INFO:app.dda.tree.image_service:Uploaded after_tile_r0018_c0076.png -> new_delhi/after/Images/after_tile_r0018_c0076_1.png
INFO:app.dda.tree.image_service:Uploaded after_tile_r0018_c0077.png -> new_delhi/after/Images/after_tile_r0018_c0077_1.png
INFO:app.dda.tree.image_service:Uploaded after_tile_r0018_c0078.png -> new_delhi/after/Images/after_tile_r0018_c0078_1.png
INFO:app.dda.tree.image_service:Uploaded after_tile_r0018_c0079.png -> new_delhi/after/Images/after_tile_r0018_c0079_1.png
INFO:app.dda.tree.image_service:Uploaded after_tile_r0018_c0080.png -> new_delhi/after/Images/after_tile_r0018_c0080_1.png
INFO:app.dda.tree.image_service:Uploaded after_tile_r0018_c0081.png -> new_delhi/after/Images/after_tile_r0018_c0081_1.png
INFO:app.dda.tree.image_service:Uploaded after_tile_r0018_c0082.png -> new_delhi/after/Images/after_tile_r0018_c0082_1.png
INFO:app.dda.tree.image_service:Uploaded after_tile_r0018_c0083.png -> new_delhi/after/Images/after_tile_r0018_c0083_1.png
INFO:app.dda.tree.image_service:Uploaded after_tile_r0018_c0084.png -> new_delhi/after/Images/after_tile_r0018_c0084_1.png
INFO:app.dda.tree.image_service:Uploaded after_tile_r0018_c0085.png -> new_delhi/after/Images/after_tile_r0018_c0085_1.png
INFO:app.dda.tree.image_service:Uploaded after_tile_r0018_c0086.png -> new_delhi/after/Images/after_tile_r0018_c0086_1.png
INFO:app.dda.tree.image_service:Uploaded after_tile_r0018_c0087.png -> new_delhi/after/Images/after_tile_r0018_c0087_1.png
INFO:app.dda.tree.image_service:Uploaded after_tile_r0018_c0088.png -> new_delhi/after/Images/after_tile_r0018_c0088_1.png
INFO:app.dda.tree.image_service:Uploaded after_tile_r0018_c0089.png -> new_delhi/after/Images/after_tile_r0018_c0089_1.png
INFO:app.dda.tree.image_service:Uploaded after_tile_r0018_c0090.png -> new_delhi/after/Images/after_tile_r0018_c0090_1.png
INFO:app.dda.tree.image_service:Uploaded after_tile_r0018_c0091.png -> new_delhi/after/Images/after_tile_r0018_c0091_1.png
INFO:app.dda.tree.image_service:Uploaded after_tile_r0019_c0000.png -> new_delhi/after/Images/after_tile_r0019_c0000_1.png
INFO:app.dda.tree.image_service:Uploaded after_tile_r0019_c0001.png -> new_delhi/after/Images/after_tile_r0019_c0001_1.png
INFO:app.dda.tree.image_service:Uploaded after_tile_r0019_c0002.png -> new_delhi/after/Images/after_tile_r0019_c0002_1.png
INFO:app.dda.tree.image_service:Uploaded after_tile_r0019_c0003.png -> new_delhi/after/Images/after_tile_r0019_c0003_1.png
INFO:app.dda.tree.image_service:Uploaded after_tile_r0019_c0004.png -> new_delhi/after/Images/after_tile_r0019_c0004_1.png
INFO:app.dda.tree.image_service:Uploaded after_tile_r0019_c0005.png -> new_delhi/after/Images/after_tile_r0019_c0005_1.png
INFO:app.dda.tree.image_service:Uploaded after_tile_r0019_c0006.png -> new_delhi/after/Images/after_tile_r0019_c0006_1.png
INFO:app.dda.tree.image_service:Uploaded after_tile_r0019_c0007.png -> new_delhi/after/Images/after_tile_r0019_c0007_1.png
INFO:app.dda.tree.image_service:Uploaded after_tile_r0019_c0008.png -> new_delhi/after/Images/after_tile_r0019_c0008_1.png
INFO:app.dda.tree.image_service:Uploaded after_tile_r0019_c0009.png -> new_delhi/after/Images/after_tile_r0019_c0009_1.png
INFO:app.dda.tree.image_service:Uploaded after_tile_r0019_c0010.png -> new_delhi/after/Images/after_tile_r0019_c0010_1.png
INFO:app.dda.tree.image_service:Uploaded after_tile_r0019_c0011.png -> new_delhi/after/Images/after_tile_r0019_c0011_1.png
INFO:app.dda.tree.image_service:Uploaded after_tile_r0019_c0012.png -> new_delhi/after/Images/after_tile_r0019_c0012_1.png
INFO:app.dda.tree.image_service:Uploaded after_tile_r0019_c0013.png -> new_delhi/after/Images/after_tile_r0019_c0013_1.png
INFO:app.dda.tree.image_service:Uploaded after_tile_r0019_c0014.png -> new_delhi/after/Images/after_tile_r0019_c0014.png
INFO:app.dda.tree.image_service:Uploaded after_tile_r0019_c0015.png -> new_delhi/after/Images/after_tile_r0019_c0015.png
INFO:app.dda.tree.image_service:Uploaded after_tile_r0019_c0016.png -> new_delhi/after/Images/after_tile_r0019_c0016.png
INFO:app.dda.tree.image_service:Uploaded after_tile_r0019_c0017.png -> new_delhi/after/Images/after_tile_r0019_c0017.png
INFO:app.dda.tree.image_service:Uploaded after_tile_r0019_c0018.png -> new_delhi/after/Images/after_tile_r0019_c0018.png
INFO:app.dda.tree.image_service:Uploaded after_tile_r0019_c0019.png -> new_delhi/after/Images/after_tile_r0019_c0019.png
INFO:app.dda.tree.image_service:Uploaded after_tile_r0019_c0020.png -> new_delhi/after/Images/after_tile_r0019_c0020.png
INFO:app.dda.tree.image_service:Uploaded after_tile_r0019_c0021.png -> new_delhi/after/Images/after_tile_r0019_c0021.png
INFO:app.dda.tree.image_service:Uploaded after_tile_r0019_c0022.png -> new_delhi/after/Images/after_tile_r0019_c0022.png
INFO:app.dda.tree.image_service:Uploaded after_tile_r0019_c0023.png -> new_delhi/after/Images/after_tile_r0019_c0023.png
INFO:app.dda.tree.image_service:Uploaded after_tile_r0019_c0024.png -> new_delhi/after/Images/after_tile_r0019_c0024.png
INFO:app.dda.tree.image_service:Uploaded after_tile_r0019_c0025.png -> new_delhi/after/Images/after_tile_r0019_c0025.png
INFO:app.dda.tree.image_service:Uploaded after_tile_r0019_c0026.png -> new_delhi/after/Images/after_tile_r0019_c0026.png
INFO:app.dda.tree.image_service:Uploaded after_tile_r0019_c0027.png -> new_delhi/after/Images/after_tile_r0019_c0027.png
INFO:app.dda.tree.image_service:Uploaded after_tile_r0019_c0028.png -> new_delhi/after/Images/after_tile_r0019_c0028.png
INFO:app.dda.tree.image_service:Uploaded after_tile_r0019_c0029.png -> new_delhi/after/Images/after_tile_r0019_c0029.png
INFO:app.dda.tree.image_service:Uploaded after_tile_r0019_c0030.png -> new_delhi/after/Images/after_tile_r0019_c0030.png
INFO:app.dda.tree.image_service:Uploaded after_tile_r0019_c0031.png -> new_delhi/after/Images/after_tile_r0019_c0031.png
INFO:app.dda.tree.image_service:Uploaded after_tile_r0019_c0032.png -> new_delhi/after/Images/after_tile_r0019_c0032.png
INFO:app.dda.tree.image_service:Uploaded after_tile_r0019_c0033.png -> new_delhi/after/Images/after_tile_r0019_c0033.png
INFO:app.dda.tree.image_service:Uploaded after_tile_r0019_c0034.png -> new_delhi/after/Images/after_tile_r0019_c0034.png
INFO:app.dda.tree.image_service:Uploaded after_tile_r0019_c0035.png -> new_delhi/after/Images/after_tile_r0019_c0035.png
INFO:app.dda.tree.image_service:Uploaded after_tile_r0019_c0036.png -> new_delhi/after/Images/after_tile_r0019_c0036.png
INFO:app.dda.tree.image_service:Uploaded after_tile_r0019_c0037.png -> new_delhi/after/Images/after_tile_r0019_c0037.png
INFO:app.dda.tree.image_service:Uploaded after_tile_r0019_c0038.png -> new_delhi/after/Images/after_tile_r0019_c0038.png
INFO:app.dda.tree.image_service:Uploaded after_tile_r0019_c0039.png -> new_delhi/after/Images/after_tile_r0019_c0039.png
INFO:app.dda.tree.image_service:Uploaded after_tile_r0019_c0040.png -> new_delhi/after/Images/after_tile_r0019_c0040.png
INFO:app.dda.tree.image_service:Uploaded after_tile_r0019_c0041.png -> new_delhi/after/Images/after_tile_r0019_c0041.png
INFO:app.dda.tree.image_service:Uploaded after_tile_r0019_c0042.png -> new_delhi/after/Images/after_tile_r0019_c0042.png
INFO:app.dda.tree.image_service:Uploaded after_tile_r0019_c0043.png -> new_delhi/after/Images/after_tile_r0019_c0043.png
INFO:app.dda.tree.image_service:Uploaded after_tile_r0019_c0044.png -> new_delhi/after/Images/after_tile_r0019_c0044.png
INFO:app.dda.tree.image_service:Uploaded after_tile_r0019_c0045.png -> new_delhi/after/Images/after_tile_r0019_c0045.png
INFO:app.dda.tree.image_service:Uploaded after_tile_r0019_c0046.png -> new_delhi/after/Images/after_tile_r0019_c0046.png
INFO:app.dda.tree.image_service:Uploaded after_tile_r0019_c0047.png -> new_delhi/after/Images/after_tile_r0019_c0047.png
INFO:app.dda.tree.image_service:Uploaded after_tile_r0019_c0048.png -> new_delhi/after/Images/after_tile_r0019_c0048.png
INFO:app.dda.tree.image_service:Uploaded after_tile_r0019_c0049.png -> new_delhi/after/Images/after_tile_r0019_c0049.png
INFO:app.dda.tree.image_service:Uploaded after_tile_r0019_c0050.png -> new_delhi/after/Images/after_tile_r0019_c0050.png
INFO:app.dda.tree.image_service:Uploaded after_tile_r0019_c0051.png -> new_delhi/after/Images/after_tile_r0019_c0051.png
INFO:app.dda.tree.image_service:Uploaded after_tile_r0019_c0052.png -> new_delhi/after/Images/after_tile_r0019_c0052.png
INFO:app.dda.tree.image_service:Uploaded after_tile_r0019_c0053.png -> new_delhi/after/Images/after_tile_r0019_c0053.png
INFO:app.dda.tree.image_service:Uploaded after_tile_r0019_c0054.png -> new_delhi/after/Images/after_tile_r0019_c0054.png
INFO:app.dda.tree.image_service:Uploaded after_tile_r0019_c0055.png -> new_delhi/after/Images/after_tile_r0019_c0055.png
INFO:app.dda.tree.image_service:Uploaded after_tile_r0019_c0056.png -> new_delhi/after/Images/after_tile_r0019_c0056.png
INFO:app.dda.tree.image_service:Uploaded after_tile_r0019_c0057.png -> new_delhi/after/Images/after_tile_r0019_c0057.png
INFO:app.dda.tree.image_service:Uploaded after_tile_r0019_c0058.png -> new_delhi/after/Images/after_tile_r0019_c0058.png
INFO:app.dda.tree.image_service:Uploaded after_tile_r0019_c0059.png -> new_delhi/after/Images/after_tile_r0019_c0059.png
INFO:app.dda.tree.image_service:Uploaded after_tile_r0019_c0060.png -> new_delhi/after/Images/after_tile_r0019_c0060.png
INFO:app.dda.tree.image_service:Uploaded after_tile_r0019_c0061.png -> new_delhi/after/Images/after_tile_r0019_c0061.png
INFO:app.dda.tree.image_service:Uploaded after_tile_r0019_c0062.png -> new_delhi/after/Images/after_tile_r0019_c0062.png
INFO:app.dda.tree.image_service:Uploaded after_tile_r0019_c0063.png -> new_delhi/after/Images/after_tile_r0019_c0063.png
INFO:app.dda.tree.image_service:Uploaded after_tile_r0019_c0064.png -> new_delhi/after/Images/after_tile_r0019_c0064.png
INFO:app.dda.tree.image_service:Uploaded after_tile_r0019_c0065.png -> new_delhi/after/Images/after_tile_r0019_c0065.png
INFO:app.dda.tree.image_service:Uploaded after_tile_r0019_c0066.png -> new_delhi/after/Images/after_tile_r0019_c0066.png
INFO:app.dda.tree.image_service:Uploaded after_tile_r0019_c0067.png -> new_delhi/after/Images/after_tile_r0019_c0067.png
INFO:app.dda.tree.image_service:Uploaded after_tile_r0019_c0068.png -> new_delhi/after/Images/after_tile_r0019_c0068.png
INFO:app.dda.tree.image_service:Uploaded after_tile_r0019_c0069.png -> new_delhi/after/Images/after_tile_r0019_c0069.png
INFO:app.dda.tree.image_service:Uploaded after_tile_r0019_c0070.png -> new_delhi/after/Images/after_tile_r0019_c0070.png
INFO:app.dda.tree.image_service:Uploaded after_tile_r0019_c0071.png -> new_delhi/after/Images/after_tile_r0019_c0071.png
INFO:app.dda.tree.image_service:Uploaded after_tile_r0019_c0072.png -> new_delhi/after/Images/after_tile_r0019_c0072.png
INFO:app.dda.tree.image_service:Uploaded after_tile_r0019_c0073.png -> new_delhi/after/Images/after_tile_r0019_c0073.png
INFO:app.dda.tree.image_service:Uploaded after_tile_r0019_c0074.png -> new_delhi/after/Images/after_tile_r0019_c0074.png
INFO:app.dda.tree.image_service:Uploaded after_tile_r0019_c0075.png -> new_delhi/after/Images/after_tile_r0019_c0075.png
INFO:app.dda.tree.image_service:Uploaded after_tile_r0019_c0076.png -> new_delhi/after/Images/after_tile_r0019_c0076.png
INFO:app.dda.tree.image_service:Uploaded after_tile_r0019_c0077.png -> new_delhi/after/Images/after_tile_r0019_c0077.png
INFO:app.dda.tree.image_service:Uploaded after_tile_r0019_c0078.png -> new_delhi/after/Images/after_tile_r0019_c0078.png
INFO:app.dda.tree.image_service:Uploaded after_tile_r0019_c0079.png -> new_delhi/after/Images/after_tile_r0019_c0079.png
INFO:app.dda.tree.image_service:Uploaded after_tile_r0019_c0080.png -> new_delhi/after/Images/after_tile_r0019_c0080.png
INFO:app.dda.tree.image_service:Uploaded after_tile_r0019_c0081.png -> new_delhi/after/Images/after_tile_r0019_c0081.png
INFO:app.dda.tree.image_service:Uploaded after_tile_r0019_c0082.png -> new_delhi/after/Images/after_tile_r0019_c0082.png
INFO:app.dda.tree.image_service:Uploaded after_tile_r0019_c0083.png -> new_delhi/after/Images/after_tile_r0019_c0083.png
INFO:app.dda.tree.image_service:Uploaded after_tile_r0019_c0084.png -> new_delhi/after/Images/after_tile_r0019_c0084.png
INFO:app.dda.tree.image_service:Uploaded after_tile_r0019_c0085.png -> new_delhi/after/Images/after_tile_r0019_c0085.png
INFO:app.dda.tree.image_service:Uploaded after_tile_r0019_c0086.png -> new_delhi/after/Images/after_tile_r0019_c0086.png
INFO:app.dda.tree.image_service:Uploaded after_tile_r0019_c0087.png -> new_delhi/after/Images/after_tile_r0019_c0087.png
INFO:app.dda.tree.image_service:Uploaded after_tile_r0019_c0088.png -> new_delhi/after/Images/after_tile_r0019_c0088.png
INFO:app.dda.tree.image_service:Uploaded after_tile_r0019_c0089.png -> new_delhi/after/Images/after_tile_r0019_c0089.png
INFO:app.dda.tree.image_service:Uploaded after_tile_r0019_c0090.png -> new_delhi/after/Images/after_tile_r0019_c0090.png
INFO:app.dda.tree.image_service:Uploaded after_tile_r0020_c0000.png -> new_delhi/after/Images/after_tile_r0020_c0000.png
INFO:app.dda.tree.image_service:Uploaded after_tile_r0020_c0001.png -> new_delhi/after/Images/after_tile_r0020_c0001.png
INFO:app.dda.tree.image_service:Uploaded after_tile_r0020_c0002.png -> new_delhi/after/Images/after_tile_r0020_c0002.png
INFO:app.dda.tree.image_service:Uploaded after_tile_r0020_c0003.png -> new_delhi/after/Images/after_tile_r0020_c0003.png
INFO:app.dda.tree.image_service:Uploaded after_tile_r0020_c0004.png -> new_delhi/after/Images/after_tile_r0020_c0004.png
INFO:app.dda.tree.image_service:Uploaded after_tile_r0020_c0005.png -> new_delhi/after/Images/after_tile_r0020_c0005.png
INFO:app.dda.tree.image_service:Uploaded after_tile_r0020_c0006.png -> new_delhi/after/Images/after_tile_r0020_c0006.png
INFO:app.dda.tree.image_service:Uploaded after_tile_r0020_c0007.png -> new_delhi/after/Images/after_tile_r0020_c0007.png
INFO:app.dda.tree.image_service:Uploaded after_tile_r0020_c0008.png -> new_delhi/after/Images/after_tile_r0020_c0008.png
INFO:app.dda.tree.image_service:Uploaded after_tile_r0020_c0009.png -> new_delhi/after/Images/after_tile_r0020_c0009.png
INFO:app.dda.tree.image_service:Uploaded after_tile_r0020_c0010.png -> new_delhi/after/Images/after_tile_r0020_c0010.png
INFO:app.dda.tree.image_service:Uploaded after_tile_r0020_c0011.png -> new_delhi/after/Images/after_tile_r0020_c0011.png
INFO:app.dda.tree.image_service:Uploaded after_tile_r0020_c0012.png -> new_delhi/after/Images/after_tile_r0020_c0012.png
INFO:app.dda.tree.image_service:Uploaded after_tile_r0020_c0013.png -> new_delhi/after/Images/after_tile_r0020_c0013.png
INFO:app.dda.tree.image_service:Uploaded after_tile_r0020_c0014.png -> new_delhi/after/Images/after_tile_r0020_c0014.png
INFO:app.dda.tree.image_service:Uploaded after_tile_r0020_c0015.png -> new_delhi/after/Images/after_tile_r0020_c0015.png
INFO:app.dda.tree.image_service:Uploaded after_tile_r0020_c0016.png -> new_delhi/after/Images/after_tile_r0020_c0016.png
INFO:app.dda.tree.image_service:Uploaded after_tile_r0020_c0017.png -> new_delhi/after/Images/after_tile_r0020_c0017.png
INFO:app.dda.tree.image_service:Uploaded after_tile_r0020_c0018.png -> new_delhi/after/Images/after_tile_r0020_c0018.png
INFO:app.dda.tree.image_service:Uploaded after_tile_r0020_c0019.png -> new_delhi/after/Images/after_tile_r0020_c0019.png
INFO:app.dda.tree.image_service:Uploaded after_tile_r0020_c0020.png -> new_delhi/after/Images/after_tile_r0020_c0020.png
INFO:app.dda.tree.image_service:Uploaded after_tile_r0020_c0021.png -> new_delhi/after/Images/after_tile_r0020_c0021.png
INFO:app.dda.tree.image_service:Uploaded after_tile_r0020_c0022.png -> new_delhi/after/Images/after_tile_r0020_c0022.png
INFO:app.dda.tree.image_service:Uploaded after_tile_r0020_c0023.png -> new_delhi/after/Images/after_tile_r0020_c0023.png
INFO:app.dda.tree.image_service:Uploaded after_tile_r0020_c0024.png -> new_delhi/after/Images/after_tile_r0020_c0024.png
INFO:app.dda.tree.image_service:Uploaded after_tile_r0020_c0025.png -> new_delhi/after/Images/after_tile_r0020_c0025.png
INFO:app.dda.tree.image_service:Uploaded after_tile_r0020_c0026.png -> new_delhi/after/Images/after_tile_r0020_c0026.png
INFO:app.dda.tree.image_service:Uploaded after_tile_r0020_c0027.png -> new_delhi/after/Images/after_tile_r0020_c0027.png
INFO:app.dda.tree.image_service:Uploaded after_tile_r0020_c0028.png -> new_delhi/after/Images/after_tile_r0020_c0028.png
INFO:app.dda.tree.image_service:Uploaded after_tile_r0020_c0029.png -> new_delhi/after/Images/after_tile_r0020_c0029.png
INFO:app.dda.tree.image_service:Uploaded after_tile_r0020_c0030.png -> new_delhi/after/Images/after_tile_r0020_c0030.png
INFO:app.dda.tree.image_service:Uploaded after_tile_r0020_c0031.png -> new_delhi/after/Images/after_tile_r0020_c0031.png
INFO:app.dda.tree.image_service:Uploaded after_tile_r0020_c0032.png -> new_delhi/after/Images/after_tile_r0020_c0032.png
INFO:app.dda.tree.image_service:Uploaded after_tile_r0020_c0033.png -> new_delhi/after/Images/after_tile_r0020_c0033.png
INFO:app.dda.tree.image_service:Uploaded after_tile_r0020_c0034.png -> new_delhi/after/Images/after_tile_r0020_c0034.png
INFO:app.dda.tree.image_service:Uploaded after_tile_r0020_c0035.png -> new_delhi/after/Images/after_tile_r0020_c0035.png
INFO:app.dda.tree.image_service:Uploaded after_tile_r0020_c0036.png -> new_delhi/after/Images/after_tile_r0020_c0036.png
INFO:app.dda.tree.image_service:Uploaded after_tile_r0020_c0037.png -> new_delhi/after/Images/after_tile_r0020_c0037.png
INFO:app.dda.tree.image_service:Uploaded after_tile_r0020_c0038.png -> new_delhi/after/Images/after_tile_r0020_c0038.png
INFO:app.dda.tree.image_service:Uploaded after_tile_r0020_c0039.png -> new_delhi/after/Images/after_tile_r0020_c0039.png
INFO:app.dda.tree.image_service:Uploaded after_tile_r0020_c0040.png -> new_delhi/after/Images/after_tile_r0020_c0040.png
INFO:app.dda.tree.image_service:Uploaded after_tile_r0020_c0041.png -> new_delhi/after/Images/after_tile_r0020_c0041.png
INFO:app.dda.tree.image_service:Uploaded after_tile_r0020_c0042.png -> new_delhi/after/Images/after_tile_r0020_c0042.png
INFO:app.dda.tree.image_service:Uploaded after_tile_r0020_c0043.png -> new_delhi/after/Images/after_tile_r0020_c0043.png
INFO:app.dda.tree.image_service:Uploaded after_tile_r0020_c0044.png -> new_delhi/after/Images/after_tile_r0020_c0044.png
INFO:app.dda.tree.image_service:Uploaded after_tile_r0020_c0045.png -> new_delhi/after/Images/after_tile_r0020_c0045.png
INFO:app.dda.tree.image_service:Uploaded after_tile_r0020_c0046.png -> new_delhi/after/Images/after_tile_r0020_c0046.png
INFO:app.dda.tree.image_service:Uploaded after_tile_r0020_c0047.png -> new_delhi/after/Images/after_tile_r0020_c0047.png
INFO:app.dda.tree.image_service:Uploaded after_tile_r0020_c0048.png -> new_delhi/after/Images/after_tile_r0020_c0048.png
INFO:app.dda.tree.image_service:Uploaded after_tile_r0020_c0049.png -> new_delhi/after/Images/after_tile_r0020_c0049.png
INFO:app.dda.tree.image_service:Uploaded after_tile_r0020_c0050.png -> new_delhi/after/Images/after_tile_r0020_c0050.png
INFO:app.dda.tree.image_service:Uploaded after_tile_r0020_c0051.png -> new_delhi/after/Images/after_tile_r0020_c0051.png
INFO:app.dda.tree.image_service:Uploaded after_tile_r0020_c0052.png -> new_delhi/after/Images/after_tile_r0020_c0052.png
INFO:app.dda.tree.image_service:Uploaded after_tile_r0020_c0053.png -> new_delhi/after/Images/after_tile_r0020_c0053.png
INFO:app.dda.tree.image_service:Uploaded after_tile_r0020_c0054.png -> new_delhi/after/Images/after_tile_r0020_c0054.png
INFO:app.dda.tree.image_service:Uploaded after_tile_r0020_c0055.png -> new_delhi/after/Images/after_tile_r0020_c0055.png
INFO:app.dda.tree.image_service:Uploaded after_tile_r0020_c0056.png -> new_delhi/after/Images/after_tile_r0020_c0056.png
INFO:app.dda.tree.image_service:Uploaded after_tile_r0020_c0057.png -> new_delhi/after/Images/after_tile_r0020_c0057.png
INFO:app.dda.tree.image_service:Uploaded after_tile_r0020_c0058.png -> new_delhi/after/Images/after_tile_r0020_c0058.png
INFO:app.dda.tree.image_service:Uploaded after_tile_r0020_c0059.png -> new_delhi/after/Images/after_tile_r0020_c0059.png
INFO:app.dda.tree.image_service:Uploaded after_tile_r0020_c0060.png -> new_delhi/after/Images/after_tile_r0020_c0060.png
INFO:app.dda.tree.image_service:Uploaded after_tile_r0020_c0061.png -> new_delhi/after/Images/after_tile_r0020_c0061.png
INFO:app.dda.tree.image_service:Uploaded after_tile_r0020_c0062.png -> new_delhi/after/Images/after_tile_r0020_c0062.png
INFO:app.dda.tree.image_service:Uploaded after_tile_r0020_c0063.png -> new_delhi/after/Images/after_tile_r0020_c0063.png
INFO:app.dda.tree.image_service:Uploaded after_tile_r0020_c0064.png -> new_delhi/after/Images/after_tile_r0020_c0064.png
INFO:app.dda.tree.image_service:Uploaded after_tile_r0020_c0065.png -> new_delhi/after/Images/after_tile_r0020_c0065.png
INFO:app.dda.tree.image_service:Uploaded after_tile_r0020_c0066.png -> new_delhi/after/Images/after_tile_r0020_c0066.png
INFO:app.dda.tree.image_service:Uploaded after_tile_r0020_c0067.png -> new_delhi/after/Images/after_tile_r0020_c0067.png
INFO:app.dda.tree.image_service:Uploaded after_tile_r0020_c0068.png -> new_delhi/after/Images/after_tile_r0020_c0068.png
INFO:app.dda.tree.image_service:Uploaded after_tile_r0020_c0069.png -> new_delhi/after/Images/after_tile_r0020_c0069.png
INFO:app.dda.tree.image_service:Uploaded after_tile_r0020_c0070.png -> new_delhi/after/Images/after_tile_r0020_c0070.png
INFO:app.dda.tree.image_service:Uploaded after_tile_r0020_c0071.png -> new_delhi/after/Images/after_tile_r0020_c0071.png
INFO:app.dda.tree.image_service:Uploaded after_tile_r0020_c0072.png -> new_delhi/after/Images/after_tile_r0020_c0072.png
INFO:app.dda.tree.image_service:Uploaded after_tile_r0020_c0073.png -> new_delhi/after/Images/after_tile_r0020_c0073.png
INFO:app.dda.tree.image_service:Uploaded after_tile_r0020_c0074.png -> new_delhi/after/Images/after_tile_r0020_c0074.png
INFO:app.dda.tree.image_service:Uploaded after_tile_r0020_c0075.png -> new_delhi/after/Images/after_tile_r0020_c0075.png
INFO:app.dda.tree.image_service:Uploaded after_tile_r0020_c0076.png -> new_delhi/after/Images/after_tile_r0020_c0076.png
INFO:app.dda.tree.image_service:Uploaded after_tile_r0020_c0077.png -> new_delhi/after/Images/after_tile_r0020_c0077.png
INFO:app.dda.tree.image_service:Uploaded after_tile_r0020_c0078.png -> new_delhi/after/Images/after_tile_r0020_c0078.png
INFO:app.dda.tree.image_service:Uploaded after_tile_r0020_c0079.png -> new_delhi/after/Images/after_tile_r0020_c0079.png
INFO:app.dda.tree.image_service:Uploaded after_tile_r0020_c0080.png -> new_delhi/after/Images/after_tile_r0020_c0080.png
INFO:app.dda.tree.image_service:Uploaded after_tile_r0020_c0081.png -> new_delhi/after/Images/after_tile_r0020_c0081.png
INFO:app.dda.tree.image_service:Uploaded after_tile_r0020_c0082.png -> new_delhi/after/Images/after_tile_r0020_c0082.png
INFO:app.dda.tree.image_service:Uploaded after_tile_r0020_c0083.png -> new_delhi/after/Images/after_tile_r0020_c0083.png
INFO:app.dda.tree.image_service:Uploaded after_tile_r0020_c0084.png -> new_delhi/after/Images/after_tile_r0020_c0084.png
INFO:app.dda.tree.image_service:Uploaded after_tile_r0020_c0085.png -> new_delhi/after/Images/after_tile_r0020_c0085.png
INFO:app.dda.tree.image_service:Uploaded after_tile_r0020_c0086.png -> new_delhi/after/Images/after_tile_r0020_c0086.png
INFO:app.dda.tree.image_service:Uploaded after_tile_r0020_c0087.png -> new_delhi/after/Images/after_tile_r0020_c0087.png
INFO:app.dda.tree.image_service:Uploaded after_tile_r0020_c0088.png -> new_delhi/after/Images/after_tile_r0020_c0088.png
INFO:app.dda.tree.image_service:Uploaded after_tile_r0020_c0089.png -> new_delhi/after/Images/after_tile_r0020_c0089.png
INFO:app.dda.tree.image_service:Uploaded after_tile_r0020_c0090.png -> new_delhi/after/Images/after_tile_r0020_c0090.png
INFO:app.dda.tree.image_service:Uploaded after_tile_r0020_c0091.png -> new_delhi/after/Images/after_tile_r0020_c0091.png
INFO:app.dda.tree.image_service:Uploaded after_tile_r0021_c0000.png -> new_delhi/after/Images/after_tile_r0021_c0000.png
INFO:app.dda.tree.image_service:Uploaded after_tile_r0021_c0001.png -> new_delhi/after/Images/after_tile_r0021_c0001.png
INFO:app.dda.tree.image_service:Uploaded after_tile_r0021_c0002.png -> new_delhi/after/Images/after_tile_r0021_c0002.png
INFO:app.dda.tree.image_service:Uploaded after_tile_r0021_c0003.png -> new_delhi/after/Images/after_tile_r0021_c0003.png
INFO:app.dda.tree.image_service:Uploaded after_tile_r0021_c0004.png -> new_delhi/after/Images/after_tile_r0021_c0004.png
INFO:app.dda.tree.image_service:Uploaded after_tile_r0021_c0005.png -> new_delhi/after/Images/after_tile_r0021_c0005.png
INFO:app.dda.tree.image_service:Uploaded after_tile_r0021_c0006.png -> new_delhi/after/Images/after_tile_r0021_c0006.png
INFO:app.dda.tree.image_service:Uploaded after_tile_r0021_c0007.png -> new_delhi/after/Images/after_tile_r0021_c0007.png
INFO:app.dda.tree.image_service:Uploaded after_tile_r0021_c0008.png -> new_delhi/after/Images/after_tile_r0021_c0008.png
INFO:app.dda.tree.image_service:Uploaded after_tile_r0021_c0009.png -> new_delhi/after/Images/after_tile_r0021_c0009.png
INFO:app.dda.tree.image_service:Uploaded after_tile_r0021_c0010.png -> new_delhi/after/Images/after_tile_r0021_c0010.png
INFO:app.dda.tree.image_service:Uploaded after_tile_r0021_c0011.png -> new_delhi/after/Images/after_tile_r0021_c0011.png
INFO:app.dda.tree.image_service:Uploaded after_tile_r0021_c0012.png -> new_delhi/after/Images/after_tile_r0021_c0012.png
INFO:app.dda.tree.image_service:Uploaded after_tile_r0021_c0013.png -> new_delhi/after/Images/after_tile_r0021_c0013.png
INFO:app.dda.tree.image_service:Uploaded after_tile_r0021_c0014.png -> new_delhi/after/Images/after_tile_r0021_c0014.png
INFO:app.dda.tree.image_service:Uploaded after_tile_r0021_c0015.png -> new_delhi/after/Images/after_tile_r0021_c0015.png
INFO:app.dda.tree.image_service:Uploaded after_tile_r0021_c0016.png -> new_delhi/after/Images/after_tile_r0021_c0016.png
INFO:app.dda.tree.image_service:Uploaded after_tile_r0021_c0017.png -> new_delhi/after/Images/after_tile_r0021_c0017.png
INFO:app.dda.tree.image_service:Uploaded after_tile_r0021_c0018.png -> new_delhi/after/Images/after_tile_r0021_c0018.png
INFO:app.dda.tree.image_service:Uploaded after_tile_r0021_c0019.png -> new_delhi/after/Images/after_tile_r0021_c0019.png
INFO:app.dda.tree.image_service:Uploaded after_tile_r0021_c0020.png -> new_delhi/after/Images/after_tile_r0021_c0020.png
INFO:app.dda.tree.image_service:Uploaded after_tile_r0021_c0021.png -> new_delhi/after/Images/after_tile_r0021_c0021.png
INFO:app.dda.tree.image_service:Uploaded after_tile_r0021_c0022.png -> new_delhi/after/Images/after_tile_r0021_c0022.png
INFO:app.dda.tree.image_service:Uploaded after_tile_r0021_c0023.png -> new_delhi/after/Images/after_tile_r0021_c0023.png
INFO:app.dda.tree.image_service:Uploaded after_tile_r0021_c0024.png -> new_delhi/after/Images/after_tile_r0021_c0024.png
INFO:app.dda.tree.image_service:Uploaded after_tile_r0021_c0025.png -> new_delhi/after/Images/after_tile_r0021_c0025.png
INFO:app.dda.tree.image_service:Uploaded after_tile_r0021_c0026.png -> new_delhi/after/Images/after_tile_r0021_c0026.png
INFO:app.dda.tree.image_service:Uploaded after_tile_r0021_c0027.png -> new_delhi/after/Images/after_tile_r0021_c0027.png
INFO:app.dda.tree.image_service:Uploaded after_tile_r0021_c0028.png -> new_delhi/after/Images/after_tile_r0021_c0028.png
INFO:app.dda.tree.image_service:Uploaded after_tile_r0021_c0029.png -> new_delhi/after/Images/after_tile_r0021_c0029.png
INFO:app.dda.tree.image_service:Uploaded after_tile_r0021_c0030.png -> new_delhi/after/Images/after_tile_r0021_c0030.png
INFO:app.dda.tree.image_service:Uploaded after_tile_r0021_c0031.png -> new_delhi/after/Images/after_tile_r0021_c0031.png
INFO:app.dda.tree.image_service:Uploaded after_tile_r0021_c0032.png -> new_delhi/after/Images/after_tile_r0021_c0032.png
INFO:app.dda.tree.image_service:Uploaded after_tile_r0021_c0033.png -> new_delhi/after/Images/after_tile_r0021_c0033.png
INFO:app.dda.tree.image_service:Uploaded after_tile_r0021_c0034.png -> new_delhi/after/Images/after_tile_r0021_c0034.png
INFO:app.dda.tree.image_service:Uploaded after_tile_r0021_c0035.png -> new_delhi/after/Images/after_tile_r0021_c0035.png
INFO:app.dda.tree.image_service:Uploaded after_tile_r0021_c0036.png -> new_delhi/after/Images/after_tile_r0021_c0036.png
INFO:app.dda.tree.image_service:Uploaded after_tile_r0021_c0037.png -> new_delhi/after/Images/after_tile_r0021_c0037.png
INFO:app.dda.tree.image_service:Uploaded after_tile_r0021_c0038.png -> new_delhi/after/Images/after_tile_r0021_c0038.png
INFO:app.dda.tree.image_service:Uploaded after_tile_r0021_c0039.png -> new_delhi/after/Images/after_tile_r0021_c0039.png
INFO:app.dda.tree.image_service:Uploaded after_tile_r0021_c0040.png -> new_delhi/after/Images/after_tile_r0021_c0040.png
INFO:app.dda.tree.image_service:Uploaded after_tile_r0021_c0041.png -> new_delhi/after/Images/after_tile_r0021_c0041.png
INFO:app.dda.tree.image_service:Uploaded after_tile_r0021_c0042.png -> new_delhi/after/Images/after_tile_r0021_c0042.png
INFO:app.dda.tree.image_service:Uploaded after_tile_r0021_c0043.png -> new_delhi/after/Images/after_tile_r0021_c0043.png
INFO:app.dda.tree.image_service:Uploaded after_tile_r0021_c0044.png -> new_delhi/after/Images/after_tile_r0021_c0044.png
INFO:app.dda.tree.image_service:Uploaded after_tile_r0021_c0045.png -> new_delhi/after/Images/after_tile_r0021_c0045.png
INFO:app.dda.tree.image_service:Uploaded after_tile_r0021_c0046.png -> new_delhi/after/Images/after_tile_r0021_c0046.png
INFO:app.dda.tree.image_service:Uploaded after_tile_r0021_c0047.png -> new_delhi/after/Images/after_tile_r0021_c0047.png
INFO:app.dda.tree.image_service:Uploaded after_tile_r0021_c0048.png -> new_delhi/after/Images/after_tile_r0021_c0048.png
INFO:app.dda.tree.image_service:Uploaded after_tile_r0021_c0049.png -> new_delhi/after/Images/after_tile_r0021_c0049.png
INFO:app.dda.tree.image_service:Uploaded after_tile_r0021_c0050.png -> new_delhi/after/Images/after_tile_r0021_c0050.png
INFO:app.dda.tree.image_service:Uploaded after_tile_r0021_c0051.png -> new_delhi/after/Images/after_tile_r0021_c0051.png
INFO:app.dda.tree.image_service:Uploaded after_tile_r0021_c0052.png -> new_delhi/after/Images/after_tile_r0021_c0052.png
INFO:app.dda.tree.image_service:Uploaded after_tile_r0021_c0053.png -> new_delhi/after/Images/after_tile_r0021_c0053.png
INFO:app.dda.tree.image_service:Uploaded after_tile_r0021_c0054.png -> new_delhi/after/Images/after_tile_r0021_c0054.png
INFO:app.dda.tree.image_service:Uploaded after_tile_r0021_c0055.png -> new_delhi/after/Images/after_tile_r0021_c0055.png
INFO:app.dda.tree.image_service:Uploaded after_tile_r0021_c0056.png -> new_delhi/after/Images/after_tile_r0021_c0056.png
INFO:app.dda.tree.image_service:Uploaded after_tile_r0021_c0057.png -> new_delhi/after/Images/after_tile_r0021_c0057.png
INFO:app.dda.tree.image_service:Uploaded after_tile_r0021_c0058.png -> new_delhi/after/Images/after_tile_r0021_c0058.png
INFO:app.dda.tree.image_service:Uploaded after_tile_r0021_c0059.png -> new_delhi/after/Images/after_tile_r0021_c0059.png
INFO:app.dda.tree.image_service:Uploaded after_tile_r0021_c0060.png -> new_delhi/after/Images/after_tile_r0021_c0060.png
INFO:app.dda.tree.image_service:Uploaded after_tile_r0021_c0061.png -> new_delhi/after/Images/after_tile_r0021_c0061.png
INFO:app.dda.tree.image_service:Uploaded after_tile_r0021_c0062.png -> new_delhi/after/Images/after_tile_r0021_c0062.png
INFO:app.dda.tree.image_service:Uploaded after_tile_r0021_c0063.png -> new_delhi/after/Images/after_tile_r0021_c0063.png
INFO:app.dda.tree.image_service:Uploaded after_tile_r0021_c0064.png -> new_delhi/after/Images/after_tile_r0021_c0064.png
INFO:app.dda.tree.image_service:Uploaded after_tile_r0021_c0065.png -> new_delhi/after/Images/after_tile_r0021_c0065.png
INFO:app.dda.tree.image_service:Uploaded after_tile_r0021_c0066.png -> new_delhi/after/Images/after_tile_r0021_c0066.png
INFO:app.dda.tree.image_service:Uploaded after_tile_r0021_c0067.png -> new_delhi/after/Images/after_tile_r0021_c0067.png
INFO:app.dda.tree.image_service:Uploaded after_tile_r0021_c0068.png -> new_delhi/after/Images/after_tile_r0021_c0068.png
INFO:app.dda.tree.image_service:Uploaded after_tile_r0021_c0069.png -> new_delhi/after/Images/after_tile_r0021_c0069.png
INFO:app.dda.tree.image_service:Uploaded after_tile_r0021_c0070.png -> new_delhi/after/Images/after_tile_r0021_c0070.png
INFO:app.dda.tree.image_service:Uploaded after_tile_r0021_c0071.png -> new_delhi/after/Images/after_tile_r0021_c0071.png
INFO:app.dda.tree.image_service:Uploaded after_tile_r0021_c0072.png -> new_delhi/after/Images/after_tile_r0021_c0072.png
INFO:app.dda.tree.image_service:Uploaded after_tile_r0021_c0073.png -> new_delhi/after/Images/after_tile_r0021_c0073.png
INFO:app.dda.tree.image_service:Uploaded after_tile_r0021_c0074.png -> new_delhi/after/Images/after_tile_r0021_c0074.png
INFO:app.dda.tree.image_service:Uploaded after_tile_r0021_c0075.png -> new_delhi/after/Images/after_tile_r0021_c0075.png
INFO:app.dda.tree.image_service:Uploaded after_tile_r0021_c0076.png -> new_delhi/after/Images/after_tile_r0021_c0076.png
INFO:app.dda.tree.image_service:Uploaded after_tile_r0021_c0077.png -> new_delhi/after/Images/after_tile_r0021_c0077.png
INFO:app.dda.tree.image_service:Uploaded after_tile_r0021_c0078.png -> new_delhi/after/Images/after_tile_r0021_c0078.png
INFO:app.dda.tree.image_service:Uploaded after_tile_r0021_c0079.png -> new_delhi/after/Images/after_tile_r0021_c0079.png
INFO:app.dda.tree.image_service:Uploaded after_tile_r0021_c0080.png -> new_delhi/after/Images/after_tile_r0021_c0080.png
INFO:app.dda.tree.image_service:Uploaded after_tile_r0021_c0081.png -> new_delhi/after/Images/after_tile_r0021_c0081.png
INFO:app.dda.tree.image_service:Uploaded after_tile_r0021_c0082.png -> new_delhi/after/Images/after_tile_r0021_c0082.png
INFO:app.dda.tree.image_service:Uploaded after_tile_r0021_c0083.png -> new_delhi/after/Images/after_tile_r0021_c0083.png
INFO:app.dda.tree.image_service:Uploaded after_tile_r0021_c0084.png -> new_delhi/after/Images/after_tile_r0021_c0084.png
INFO:app.dda.tree.image_service:Uploaded after_tile_r0021_c0085.png -> new_delhi/after/Images/after_tile_r0021_c0085.png
INFO:app.dda.tree.image_service:Uploaded after_tile_r0021_c0086.png -> new_delhi/after/Images/after_tile_r0021_c0086.png
INFO:app.dda.tree.image_service:Uploaded after_tile_r0021_c0087.png -> new_delhi/after/Images/after_tile_r0021_c0087.png
INFO:app.dda.tree.image_service:Uploaded after_tile_r0021_c0088.png -> new_delhi/after/Images/after_tile_r0021_c0088.png
INFO:app.dda.tree.image_service:Uploaded after_tile_r0021_c0089.png -> new_delhi/after/Images/after_tile_r0021_c0089.png
INFO:app.dda.tree.image_service:Uploaded after_tile_r0021_c0090.png -> new_delhi/after/Images/after_tile_r0021_c0090.png
INFO:app.dda.tree.image_service:Uploaded after_tile_r0021_c0091.png -> new_delhi/after/Images/after_tile_r0021_c0091.png
INFO:app.dda.tree.image_service:Uploaded after_tile_r0022_c0000.png -> new_delhi/after/Images/after_tile_r0022_c0000.png
INFO:app.dda.tree.image_service:Uploaded after_tile_r0022_c0001.png -> new_delhi/after/Images/after_tile_r0022_c0001.png
INFO:app.dda.tree.image_service:Uploaded after_tile_r0022_c0002.png -> new_delhi/after/Images/after_tile_r0022_c0002.png
INFO:app.dda.tree.image_service:Uploaded after_tile_r0022_c0003.png -> new_delhi/after/Images/after_tile_r0022_c0003.png
INFO:app.dda.tree.image_service:Uploaded after_tile_r0022_c0004.png -> new_delhi/after/Images/after_tile_r0022_c0004.png
INFO:app.dda.tree.image_service:Uploaded after_tile_r0022_c0005.png -> new_delhi/after/Images/after_tile_r0022_c0005.png
INFO:app.dda.tree.image_service:Uploaded after_tile_r0022_c0006.png -> new_delhi/after/Images/after_tile_r0022_c0006.png
INFO:app.dda.tree.image_service:Uploaded after_tile_r0022_c0007.png -> new_delhi/after/Images/after_tile_r0022_c0007.png
INFO:app.dda.tree.image_service:Uploaded after_tile_r0022_c0008.png -> new_delhi/after/Images/after_tile_r0022_c0008.png
INFO:app.dda.tree.image_service:Uploaded after_tile_r0022_c0009.png -> new_delhi/after/Images/after_tile_r0022_c0009.png
INFO:app.dda.tree.image_service:Uploaded after_tile_r0022_c0010.png -> new_delhi/after/Images/after_tile_r0022_c0010.png
INFO:app.dda.tree.image_service:Uploaded after_tile_r0022_c0011.png -> new_delhi/after/Images/after_tile_r0022_c0011.png
INFO:app.dda.tree.image_service:Uploaded after_tile_r0022_c0012.png -> new_delhi/after/Images/after_tile_r0022_c0012.png
INFO:app.dda.tree.image_service:Uploaded after_tile_r0022_c0013.png -> new_delhi/after/Images/after_tile_r0022_c0013.png
INFO:app.dda.tree.image_service:Uploaded after_tile_r0022_c0014.png -> new_delhi/after/Images/after_tile_r0022_c0014.png
INFO:app.dda.tree.image_service:Uploaded after_tile_r0022_c0015.png -> new_delhi/after/Images/after_tile_r0022_c0015.png
INFO:app.dda.tree.image_service:Uploaded after_tile_r0022_c0016.png -> new_delhi/after/Images/after_tile_r0022_c0016.png
INFO:app.dda.tree.image_service:Uploaded after_tile_r0022_c0017.png -> new_delhi/after/Images/after_tile_r0022_c0017.png
INFO:app.dda.tree.image_service:Uploaded after_tile_r0022_c0018.png -> new_delhi/after/Images/after_tile_r0022_c0018.png
INFO:app.dda.tree.image_service:Uploaded after_tile_r0022_c0019.png -> new_delhi/after/Images/after_tile_r0022_c0019.png
INFO:app.dda.tree.image_service:Uploaded after_tile_r0022_c0020.png -> new_delhi/after/Images/after_tile_r0022_c0020.png
INFO:app.dda.tree.image_service:Uploaded after_tile_r0022_c0021.png -> new_delhi/after/Images/after_tile_r0022_c0021.png
INFO:app.dda.tree.image_service:Uploaded after_tile_r0022_c0022.png -> new_delhi/after/Images/after_tile_r0022_c0022.png
INFO:app.dda.tree.image_service:Uploaded after_tile_r0022_c0023.png -> new_delhi/after/Images/after_tile_r0022_c0023.png
INFO:app.dda.tree.image_service:Uploaded after_tile_r0022_c0024.png -> new_delhi/after/Images/after_tile_r0022_c0024.png
INFO:app.dda.tree.image_service:Uploaded after_tile_r0022_c0025.png -> new_delhi/after/Images/after_tile_r0022_c0025.png
INFO:app.dda.tree.image_service:Uploaded after_tile_r0022_c0026.png -> new_delhi/after/Images/after_tile_r0022_c0026.png
INFO:app.dda.tree.image_service:Uploaded after_tile_r0022_c0027.png -> new_delhi/after/Images/after_tile_r0022_c0027.png
INFO:app.dda.tree.image_service:Uploaded after_tile_r0022_c0028.png -> new_delhi/after/Images/after_tile_r0022_c0028.png
INFO:app.dda.tree.image_service:Uploaded after_tile_r0022_c0029.png -> new_delhi/after/Images/after_tile_r0022_c0029.png
INFO:app.dda.tree.image_service:Uploaded after_tile_r0022_c0030.png -> new_delhi/after/Images/after_tile_r0022_c0030.png
INFO:app.dda.tree.image_service:Uploaded after_tile_r0022_c0031.png -> new_delhi/after/Images/after_tile_r0022_c0031.png
INFO:app.dda.tree.image_service:Uploaded after_tile_r0022_c0032.png -> new_delhi/after/Images/after_tile_r0022_c0032.png
INFO:app.dda.tree.image_service:Uploaded after_tile_r0022_c0033.png -> new_delhi/after/Images/after_tile_r0022_c0033.png
INFO:app.dda.tree.image_service:Uploaded after_tile_r0022_c0034.png -> new_delhi/after/Images/after_tile_r0022_c0034.png
INFO:app.dda.tree.image_service:Uploaded after_tile_r0022_c0035.png -> new_delhi/after/Images/after_tile_r0022_c0035.png
INFO:app.dda.tree.image_service:Uploaded after_tile_r0022_c0036.png -> new_delhi/after/Images/after_tile_r0022_c0036.png
INFO:app.dda.tree.image_service:Uploaded after_tile_r0022_c0037.png -> new_delhi/after/Images/after_tile_r0022_c0037.png
INFO:app.dda.tree.image_service:Uploaded after_tile_r0022_c0038.png -> new_delhi/after/Images/after_tile_r0022_c0038.png
INFO:app.dda.tree.image_service:Uploaded after_tile_r0022_c0039.png -> new_delhi/after/Images/after_tile_r0022_c0039.png
INFO:app.dda.tree.image_service:Uploaded after_tile_r0022_c0040.png -> new_delhi/after/Images/after_tile_r0022_c0040.png
INFO:app.dda.tree.image_service:Uploaded after_tile_r0022_c0041.png -> new_delhi/after/Images/after_tile_r0022_c0041.png
INFO:app.dda.tree.image_service:Uploaded after_tile_r0022_c0042.png -> new_delhi/after/Images/after_tile_r0022_c0042.png
INFO:app.dda.tree.image_service:Uploaded after_tile_r0022_c0043.png -> new_delhi/after/Images/after_tile_r0022_c0043.png
INFO:app.dda.tree.image_service:Uploaded after_tile_r0022_c0044.png -> new_delhi/after/Images/after_tile_r0022_c0044.png
INFO:app.dda.tree.image_service:Uploaded after_tile_r0022_c0045.png -> new_delhi/after/Images/after_tile_r0022_c0045.png
INFO:app.dda.tree.image_service:Uploaded after_tile_r0022_c0046.png -> new_delhi/after/Images/after_tile_r0022_c0046.png
INFO:app.dda.tree.image_service:Uploaded after_tile_r0022_c0047.png -> new_delhi/after/Images/after_tile_r0022_c0047.png
INFO:app.dda.tree.image_service:Uploaded after_tile_r0022_c0048.png -> new_delhi/after/Images/after_tile_r0022_c0048.png
INFO:app.dda.tree.image_service:Uploaded after_tile_r0022_c0049.png -> new_delhi/after/Images/after_tile_r0022_c0049.png
INFO:app.dda.tree.image_service:Uploaded after_tile_r0022_c0050.png -> new_delhi/after/Images/after_tile_r0022_c0050.png
INFO:app.dda.tree.image_service:Uploaded after_tile_r0022_c0051.png -> new_delhi/after/Images/after_tile_r0022_c0051.png
INFO:app.dda.tree.image_service:Uploaded after_tile_r0022_c0052.png -> new_delhi/after/Images/after_tile_r0022_c0052.png
INFO:app.dda.tree.image_service:Uploaded after_tile_r0022_c0053.png -> new_delhi/after/Images/after_tile_r0022_c0053.png
INFO:app.dda.tree.image_service:Uploaded after_tile_r0022_c0054.png -> new_delhi/after/Images/after_tile_r0022_c0054.png
INFO:app.dda.tree.image_service:Uploaded after_tile_r0022_c0055.png -> new_delhi/after/Images/after_tile_r0022_c0055.png
INFO:app.dda.tree.image_service:Uploaded after_tile_r0022_c0056.png -> new_delhi/after/Images/after_tile_r0022_c0056.png
INFO:app.dda.tree.image_service:Uploaded after_tile_r0022_c0057.png -> new_delhi/after/Images/after_tile_r0022_c0057.png
INFO:app.dda.tree.image_service:Uploaded after_tile_r0022_c0058.png -> new_delhi/after/Images/after_tile_r0022_c0058.png
INFO:app.dda.tree.image_service:Uploaded after_tile_r0022_c0059.png -> new_delhi/after/Images/after_tile_r0022_c0059.png
INFO:app.dda.tree.image_service:Uploaded after_tile_r0022_c0060.png -> new_delhi/after/Images/after_tile_r0022_c0060.png
INFO:app.dda.tree.image_service:Uploaded after_tile_r0022_c0061.png -> new_delhi/after/Images/after_tile_r0022_c0061.png
INFO:app.dda.tree.image_service:Uploaded after_tile_r0022_c0062.png -> new_delhi/after/Images/after_tile_r0022_c0062.png
INFO:app.dda.tree.image_service:Uploaded after_tile_r0022_c0063.png -> new_delhi/after/Images/after_tile_r0022_c0063.png
INFO:app.dda.tree.image_service:Uploaded after_tile_r0022_c0064.png -> new_delhi/after/Images/after_tile_r0022_c0064.png
INFO:app.dda.tree.image_service:Uploaded after_tile_r0022_c0065.png -> new_delhi/after/Images/after_tile_r0022_c0065.png
INFO:app.dda.tree.image_service:Uploaded after_tile_r0022_c0066.png -> new_delhi/after/Images/after_tile_r0022_c0066.png
INFO:app.dda.tree.image_service:Uploaded after_tile_r0022_c0067.png -> new_delhi/after/Images/after_tile_r0022_c0067.png
INFO:app.dda.tree.image_service:Uploaded after_tile_r0022_c0068.png -> new_delhi/after/Images/after_tile_r0022_c0068.png
INFO:app.dda.tree.image_service:Uploaded after_tile_r0022_c0069.png -> new_delhi/after/Images/after_tile_r0022_c0069.png
INFO:app.dda.tree.image_service:Uploaded after_tile_r0022_c0070.png -> new_delhi/after/Images/after_tile_r0022_c0070.png
INFO:app.dda.tree.image_service:Uploaded after_tile_r0022_c0071.png -> new_delhi/after/Images/after_tile_r0022_c0071.png
INFO:app.dda.tree.image_service:Uploaded after_tile_r0022_c0072.png -> new_delhi/after/Images/after_tile_r0022_c0072.png
INFO:app.dda.tree.image_service:Uploaded after_tile_r0022_c0073.png -> new_delhi/after/Images/after_tile_r0022_c0073.png
INFO:app.dda.tree.image_service:Uploaded after_tile_r0022_c0074.png -> new_delhi/after/Images/after_tile_r0022_c0074.png
INFO:app.dda.tree.image_service:Uploaded after_tile_r0022_c0075.png -> new_delhi/after/Images/after_tile_r0022_c0075.png
INFO:app.dda.tree.image_service:Uploaded after_tile_r0022_c0076.png -> new_delhi/after/Images/after_tile_r0022_c0076.png
INFO:app.dda.tree.image_service:Uploaded after_tile_r0022_c0077.png -> new_delhi/after/Images/after_tile_r0022_c0077.png
INFO:app.dda.tree.image_service:Uploaded after_tile_r0022_c0078.png -> new_delhi/after/Images/after_tile_r0022_c0078.png
INFO:app.dda.tree.image_service:Uploaded after_tile_r0022_c0079.png -> new_delhi/after/Images/after_tile_r0022_c0079.png
INFO:app.dda.tree.image_service:Uploaded after_tile_r0022_c0080.png -> new_delhi/after/Images/after_tile_r0022_c0080.png
INFO:app.dda.tree.image_service:Uploaded after_tile_r0022_c0081.png -> new_delhi/after/Images/after_tile_r0022_c0081.png
INFO:app.dda.tree.image_service:Uploaded after_tile_r0022_c0082.png -> new_delhi/after/Images/after_tile_r0022_c0082.png
INFO:app.dda.tree.image_service:Uploaded after_tile_r0022_c0083.png -> new_delhi/after/Images/after_tile_r0022_c0083.png
INFO:app.dda.tree.image_service:Uploaded after_tile_r0022_c0084.png -> new_delhi/after/Images/after_tile_r0022_c0084.png
INFO:app.dda.tree.image_service:Uploaded after_tile_r0022_c0085.png -> new_delhi/after/Images/after_tile_r0022_c0085.png
INFO:app.dda.tree.image_service:Uploaded after_tile_r0022_c0086.png -> new_delhi/after/Images/after_tile_r0022_c0086.png
INFO:app.dda.tree.image_service:Uploaded after_tile_r0022_c0087.png -> new_delhi/after/Images/after_tile_r0022_c0087.png
INFO:app.dda.tree.image_service:Uploaded after_tile_r0022_c0088.png -> new_delhi/after/Images/after_tile_r0022_c0088.png
INFO:app.dda.tree.image_service:Uploaded after_tile_r0022_c0089.png -> new_delhi/after/Images/after_tile_r0022_c0089.png
INFO:app.dda.tree.image_service:Uploaded after_tile_r0022_c0090.png -> new_delhi/after/Images/after_tile_r0022_c0090.png
INFO:app.dda.tree.image_service:Uploaded after_tile_r0022_c0091.png -> new_delhi/after/Images/after_tile_r0022_c0091.png
INFO:app.dda.tree.image_service:Uploaded after_tile_r0023_c0000.png -> new_delhi/after/Images/after_tile_r0023_c0000.png
INFO:app.dda.tree.image_service:Uploaded after_tile_r0023_c0001.png -> new_delhi/after/Images/after_tile_r0023_c0001.png
INFO:app.dda.tree.image_service:Uploaded after_tile_r0023_c0002.png -> new_delhi/after/Images/after_tile_r0023_c0002.png
INFO:app.dda.tree.image_service:Uploaded after_tile_r0023_c0003.png -> new_delhi/after/Images/after_tile_r0023_c0003.png
INFO:app.dda.tree.image_service:Uploaded after_tile_r0023_c0004.png -> new_delhi/after/Images/after_tile_r0023_c0004.png
INFO:app.dda.tree.image_service:Uploaded after_tile_r0023_c0005.png -> new_delhi/after/Images/after_tile_r0023_c0005.png
INFO:app.dda.tree.image_service:Uploaded after_tile_r0023_c0006.png -> new_delhi/after/Images/after_tile_r0023_c0006.png
INFO:app.dda.tree.image_service:Uploaded after_tile_r0023_c0007.png -> new_delhi/after/Images/after_tile_r0023_c0007.png
INFO:app.dda.tree.image_service:Uploaded after_tile_r0023_c0008.png -> new_delhi/after/Images/after_tile_r0023_c0008.png
INFO:app.dda.tree.image_service:Uploaded after_tile_r0023_c0009.png -> new_delhi/after/Images/after_tile_r0023_c0009.png
INFO:app.dda.tree.image_service:Uploaded after_tile_r0023_c0010.png -> new_delhi/after/Images/after_tile_r0023_c0010.png
INFO:app.dda.tree.image_service:Uploaded after_tile_r0023_c0011.png -> new_delhi/after/Images/after_tile_r0023_c0011.png
INFO:app.dda.tree.image_service:Uploaded after_tile_r0023_c0012.png -> new_delhi/after/Images/after_tile_r0023_c0012.png
INFO:app.dda.tree.image_service:Uploaded after_tile_r0023_c0013.png -> new_delhi/after/Images/after_tile_r0023_c0013.png
INFO:app.dda.tree.image_service:Uploaded after_tile_r0023_c0014.png -> new_delhi/after/Images/after_tile_r0023_c0014.png
INFO:app.dda.tree.image_service:Uploaded after_tile_r0023_c0015.png -> new_delhi/after/Images/after_tile_r0023_c0015.png
INFO:app.dda.tree.image_service:Uploaded after_tile_r0023_c0016.png -> new_delhi/after/Images/after_tile_r0023_c0016.png
INFO:app.dda.tree.image_service:Uploaded after_tile_r0023_c0017.png -> new_delhi/after/Images/after_tile_r0023_c0017.png
INFO:app.dda.tree.image_service:Uploaded after_tile_r0023_c0018.png -> new_delhi/after/Images/after_tile_r0023_c0018.png
INFO:app.dda.tree.image_service:Uploaded after_tile_r0023_c0019.png -> new_delhi/after/Images/after_tile_r0023_c0019.png
INFO:app.dda.tree.image_service:Uploaded after_tile_r0023_c0020.png -> new_delhi/after/Images/after_tile_r0023_c0020.png
INFO:app.dda.tree.image_service:Uploaded after_tile_r0023_c0021.png -> new_delhi/after/Images/after_tile_r0023_c0021.png
INFO:app.dda.tree.image_service:Uploaded after_tile_r0023_c0022.png -> new_delhi/after/Images/after_tile_r0023_c0022.png
INFO:app.dda.tree.image_service:Uploaded after_tile_r0023_c0023.png -> new_delhi/after/Images/after_tile_r0023_c0023.png
INFO:app.dda.tree.image_service:Uploaded after_tile_r0023_c0024.png -> new_delhi/after/Images/after_tile_r0023_c0024.png
INFO:app.dda.tree.image_service:Uploaded after_tile_r0023_c0025.png -> new_delhi/after/Images/after_tile_r0023_c0025.png
INFO:app.dda.tree.image_service:Uploaded after_tile_r0023_c0026.png -> new_delhi/after/Images/after_tile_r0023_c0026.png
INFO:app.dda.tree.image_service:Uploaded after_tile_r0023_c0027.png -> new_delhi/after/Images/after_tile_r0023_c0027.png
INFO:app.dda.tree.image_service:Uploaded after_tile_r0023_c0028.png -> new_delhi/after/Images/after_tile_r0023_c0028.png
INFO:app.dda.tree.image_service:Uploaded after_tile_r0023_c0029.png -> new_delhi/after/Images/after_tile_r0023_c0029.png
INFO:app.dda.tree.image_service:Uploaded after_tile_r0023_c0030.png -> new_delhi/after/Images/after_tile_r0023_c0030.png
INFO:app.dda.tree.image_service:Uploaded after_tile_r0023_c0031.png -> new_delhi/after/Images/after_tile_r0023_c0031.png
INFO:app.dda.tree.image_service:Uploaded after_tile_r0023_c0032.png -> new_delhi/after/Images/after_tile_r0023_c0032.png
INFO:app.dda.tree.image_service:Uploaded after_tile_r0023_c0033.png -> new_delhi/after/Images/after_tile_r0023_c0033.png
INFO:app.dda.tree.image_service:Uploaded after_tile_r0023_c0034.png -> new_delhi/after/Images/after_tile_r0023_c0034.png
INFO:app.dda.tree.image_service:Uploaded after_tile_r0023_c0035.png -> new_delhi/after/Images/after_tile_r0023_c0035.png
INFO:app.dda.tree.image_service:Uploaded after_tile_r0023_c0036.png -> new_delhi/after/Images/after_tile_r0023_c0036.png
INFO:app.dda.tree.image_service:Uploaded after_tile_r0023_c0037.png -> new_delhi/after/Images/after_tile_r0023_c0037.png
INFO:app.dda.tree.image_service:Uploaded after_tile_r0023_c0038.png -> new_delhi/after/Images/after_tile_r0023_c0038.png
INFO:app.dda.tree.image_service:Uploaded after_tile_r0023_c0039.png -> new_delhi/after/Images/after_tile_r0023_c0039.png
INFO:app.dda.tree.image_service:Uploaded after_tile_r0023_c0040.png -> new_delhi/after/Images/after_tile_r0023_c0040.png
INFO:app.dda.tree.image_service:Uploaded after_tile_r0023_c0041.png -> new_delhi/after/Images/after_tile_r0023_c0041.png
INFO:app.dda.tree.image_service:Uploaded after_tile_r0023_c0042.png -> new_delhi/after/Images/after_tile_r0023_c0042.png
INFO:app.dda.tree.image_service:Uploaded after_tile_r0023_c0043.png -> new_delhi/after/Images/after_tile_r0023_c0043.png
INFO:app.dda.tree.image_service:Uploaded after_tile_r0023_c0044.png -> new_delhi/after/Images/after_tile_r0023_c0044.png
INFO:app.dda.tree.image_service:Uploaded after_tile_r0023_c0045.png -> new_delhi/after/Images/after_tile_r0023_c0045.png
INFO:app.dda.tree.image_service:Uploaded after_tile_r0023_c0046.png -> new_delhi/after/Images/after_tile_r0023_c0046.png
INFO:app.dda.tree.image_service:Uploaded after_tile_r0023_c0047.png -> new_delhi/after/Images/after_tile_r0023_c0047.png
INFO:app.dda.tree.image_service:Uploaded after_tile_r0023_c0048.png -> new_delhi/after/Images/after_tile_r0023_c0048.png
INFO:app.dda.tree.image_service:Uploaded after_tile_r0023_c0049.png -> new_delhi/after/Images/after_tile_r0023_c0049.png
INFO:app.dda.tree.image_service:Uploaded after_tile_r0023_c0050.png -> new_delhi/after/Images/after_tile_r0023_c0050.png
INFO:app.dda.tree.image_service:Uploaded after_tile_r0023_c0051.png -> new_delhi/after/Images/after_tile_r0023_c0051.png
INFO:app.dda.tree.image_service:Uploaded after_tile_r0023_c0052.png -> new_delhi/after/Images/after_tile_r0023_c0052.png
INFO:app.dda.tree.image_service:Uploaded after_tile_r0023_c0053.png -> new_delhi/after/Images/after_tile_r0023_c0053.png
INFO:app.dda.tree.image_service:Uploaded after_tile_r0023_c0054.png -> new_delhi/after/Images/after_tile_r0023_c0054.png
INFO:app.dda.tree.image_service:Uploaded after_tile_r0023_c0055.png -> new_delhi/after/Images/after_tile_r0023_c0055.png
INFO:app.dda.tree.image_service:Uploaded after_tile_r0023_c0056.png -> new_delhi/after/Images/after_tile_r0023_c0056.png
INFO:app.dda.tree.image_service:Uploaded after_tile_r0023_c0057.png -> new_delhi/after/Images/after_tile_r0023_c0057.png
INFO:app.dda.tree.image_service:Uploaded after_tile_r0023_c0058.png -> new_delhi/after/Images/after_tile_r0023_c0058.png
INFO:app.dda.tree.image_service:Uploaded after_tile_r0023_c0059.png -> new_delhi/after/Images/after_tile_r0023_c0059.png
INFO:app.dda.tree.image_service:Uploaded after_tile_r0023_c0060.png -> new_delhi/after/Images/after_tile_r0023_c0060.png
INFO:app.dda.tree.image_service:Uploaded after_tile_r0023_c0061.png -> new_delhi/after/Images/after_tile_r0023_c0061.png
INFO:app.dda.tree.image_service:Uploaded after_tile_r0023_c0062.png -> new_delhi/after/Images/after_tile_r0023_c0062.png
INFO:app.dda.tree.image_service:Uploaded after_tile_r0023_c0063.png -> new_delhi/after/Images/after_tile_r0023_c0063.png
INFO:app.dda.tree.image_service:Uploaded after_tile_r0023_c0064.png -> new_delhi/after/Images/after_tile_r0023_c0064.png
INFO:app.dda.tree.image_service:Uploaded after_tile_r0023_c0065.png -> new_delhi/after/Images/after_tile_r0023_c0065.png
INFO:app.dda.tree.image_service:Uploaded after_tile_r0023_c0066.png -> new_delhi/after/Images/after_tile_r0023_c0066.png
INFO:app.dda.tree.image_service:Uploaded after_tile_r0023_c0067.png -> new_delhi/after/Images/after_tile_r0023_c0067.png
INFO:app.dda.tree.image_service:Uploaded after_tile_r0023_c0068.png -> new_delhi/after/Images/after_tile_r0023_c0068.png
INFO:app.dda.tree.image_service:Uploaded after_tile_r0023_c0069.png -> new_delhi/after/Images/after_tile_r0023_c0069.png
INFO:app.dda.tree.image_service:Uploaded after_tile_r0023_c0070.png -> new_delhi/after/Images/after_tile_r0023_c0070.png
INFO:app.dda.tree.image_service:Uploaded after_tile_r0023_c0071.png -> new_delhi/after/Images/after_tile_r0023_c0071.png
INFO:app.dda.tree.image_service:Uploaded after_tile_r0023_c0072.png -> new_delhi/after/Images/after_tile_r0023_c0072.png
INFO:app.dda.tree.image_service:Uploaded after_tile_r0023_c0073.png -> new_delhi/after/Images/after_tile_r0023_c0073.png
INFO:app.dda.tree.image_service:Uploaded after_tile_r0023_c0074.png -> new_delhi/after/Images/after_tile_r0023_c0074.png
INFO:app.dda.tree.image_service:Uploaded after_tile_r0023_c0075.png -> new_delhi/after/Images/after_tile_r0023_c0075.png
INFO:app.dda.tree.image_service:Uploaded after_tile_r0023_c0076.png -> new_delhi/after/Images/after_tile_r0023_c0076.png
INFO:app.dda.tree.image_service:Uploaded after_tile_r0023_c0077.png -> new_delhi/after/Images/after_tile_r0023_c0077.png
INFO:app.dda.tree.image_service:Uploaded after_tile_r0023_c0078.png -> new_delhi/after/Images/after_tile_r0023_c0078.png
INFO:app.dda.tree.image_service:Uploaded after_tile_r0023_c0079.png -> new_delhi/after/Images/after_tile_r0023_c0079.png
INFO:app.dda.tree.image_service:Uploaded after_tile_r0023_c0080.png -> new_delhi/after/Images/after_tile_r0023_c0080.png
INFO:app.dda.tree.image_service:Uploaded after_tile_r0023_c0081.png -> new_delhi/after/Images/after_tile_r0023_c0081.png
INFO:app.dda.tree.image_service:Uploaded after_tile_r0023_c0082.png -> new_delhi/after/Images/after_tile_r0023_c0082.png
INFO:app.dda.tree.image_service:Uploaded after_tile_r0023_c0083.png -> new_delhi/after/Images/after_tile_r0023_c0083.png
INFO:app.dda.tree.image_service:Uploaded after_tile_r0023_c0084.png -> new_delhi/after/Images/after_tile_r0023_c0084.png
INFO:app.dda.tree.image_service:Uploaded after_tile_r0023_c0085.png -> new_delhi/after/Images/after_tile_r0023_c0085.png
INFO:app.dda.tree.image_service:Uploaded after_tile_r0023_c0086.png -> new_delhi/after/Images/after_tile_r0023_c0086.png
INFO:app.dda.tree.image_service:Uploaded after_tile_r0023_c0087.png -> new_delhi/after/Images/after_tile_r0023_c0087.png
INFO:app.dda.tree.image_service:Uploaded after_tile_r0023_c0088.png -> new_delhi/after/Images/after_tile_r0023_c0088.png
INFO:app.dda.tree.image_service:Uploaded after_tile_r0023_c0089.png -> new_delhi/after/Images/after_tile_r0023_c0089.png
INFO:app.dda.tree.image_service:Uploaded after_tile_r0023_c0090.png -> new_delhi/after/Images/after_tile_r0023_c0090.png
INFO:app.dda.tree.image_service:Uploaded after_tile_r0023_c0091.png -> new_delhi/after/Images/after_tile_r0023_c0091.png
INFO:app.dda.tree.image_service:Uploaded after_tile_r0024_c0000.png -> new_delhi/after/Images/after_tile_r0024_c0000.png
INFO:app.dda.tree.image_service:Uploaded after_tile_r0024_c0001.png -> new_delhi/after/Images/after_tile_r0024_c0001.png
INFO:app.dda.tree.image_service:Uploaded after_tile_r0024_c0002.png -> new_delhi/after/Images/after_tile_r0024_c0002.png
INFO:app.dda.tree.image_service:Uploaded after_tile_r0024_c0003.png -> new_delhi/after/Images/after_tile_r0024_c0003.png
INFO:app.dda.tree.image_service:Uploaded after_tile_r0024_c0004.png -> new_delhi/after/Images/after_tile_r0024_c0004.png
INFO:app.dda.tree.image_service:Uploaded after_tile_r0024_c0005.png -> new_delhi/after/Images/after_tile_r0024_c0005.png
INFO:app.dda.tree.image_service:Uploaded after_tile_r0024_c0006.png -> new_delhi/after/Images/after_tile_r0024_c0006.png
INFO:app.dda.tree.image_service:Uploaded after_tile_r0024_c0007.png -> new_delhi/after/Images/after_tile_r0024_c0007.png
INFO:app.dda.tree.image_service:Uploaded after_tile_r0024_c0008.png -> new_delhi/after/Images/after_tile_r0024_c0008.png
INFO:app.dda.tree.image_service:Uploaded after_tile_r0024_c0009.png -> new_delhi/after/Images/after_tile_r0024_c0009.png
INFO:app.dda.tree.image_service:Uploaded after_tile_r0024_c0010.png -> new_delhi/after/Images/after_tile_r0024_c0010.png
INFO:app.dda.tree.image_service:Uploaded after_tile_r0024_c0011.png -> new_delhi/after/Images/after_tile_r0024_c0011.png
INFO:app.dda.tree.image_service:Uploaded after_tile_r0024_c0012.png -> new_delhi/after/Images/after_tile_r0024_c0012.png
INFO:app.dda.tree.image_service:Uploaded after_tile_r0024_c0013.png -> new_delhi/after/Images/after_tile_r0024_c0013.png
INFO:app.dda.tree.image_service:Uploaded after_tile_r0024_c0014.png -> new_delhi/after/Images/after_tile_r0024_c0014.png
INFO:app.dda.tree.image_service:Uploaded after_tile_r0024_c0015.png -> new_delhi/after/Images/after_tile_r0024_c0015.png
INFO:app.dda.tree.image_service:Uploaded after_tile_r0024_c0016.png -> new_delhi/after/Images/after_tile_r0024_c0016.png
INFO:app.dda.tree.image_service:Uploaded after_tile_r0024_c0017.png -> new_delhi/after/Images/after_tile_r0024_c0017.png
INFO:app.dda.tree.image_service:Uploaded after_tile_r0024_c0018.png -> new_delhi/after/Images/after_tile_r0024_c0018.png
INFO:app.dda.tree.image_service:Uploaded after_tile_r0024_c0019.png -> new_delhi/after/Images/after_tile_r0024_c0019.png
INFO:app.dda.tree.image_service:Uploaded after_tile_r0024_c0020.png -> new_delhi/after/Images/after_tile_r0024_c0020.png
INFO:app.dda.tree.image_service:Uploaded after_tile_r0024_c0021.png -> new_delhi/after/Images/after_tile_r0024_c0021.png
INFO:app.dda.tree.image_service:Uploaded after_tile_r0024_c0022.png -> new_delhi/after/Images/after_tile_r0024_c0022.png
INFO:app.dda.tree.image_service:Uploaded after_tile_r0024_c0023.png -> new_delhi/after/Images/after_tile_r0024_c0023.png
INFO:app.dda.tree.image_service:Uploaded after_tile_r0024_c0024.png -> new_delhi/after/Images/after_tile_r0024_c0024.png
INFO:app.dda.tree.image_service:Uploaded after_tile_r0024_c0025.png -> new_delhi/after/Images/after_tile_r0024_c0025.png
INFO:app.dda.tree.image_service:Uploaded after_tile_r0024_c0026.png -> new_delhi/after/Images/after_tile_r0024_c0026.png
INFO:app.dda.tree.image_service:Uploaded after_tile_r0024_c0027.png -> new_delhi/after/Images/after_tile_r0024_c0027.png
INFO:app.dda.tree.image_service:Uploaded after_tile_r0024_c0028.png -> new_delhi/after/Images/after_tile_r0024_c0028.png
INFO:app.dda.tree.image_service:Uploaded after_tile_r0024_c0029.png -> new_delhi/after/Images/after_tile_r0024_c0029.png
INFO:app.dda.tree.image_service:Uploaded after_tile_r0024_c0030.png -> new_delhi/after/Images/after_tile_r0024_c0030.png
INFO:app.dda.tree.image_service:Uploaded after_tile_r0024_c0031.png -> new_delhi/after/Images/after_tile_r0024_c0031.png
INFO:app.dda.tree.image_service:Uploaded after_tile_r0024_c0032.png -> new_delhi/after/Images/after_tile_r0024_c0032.png
INFO:app.dda.tree.image_service:Uploaded after_tile_r0024_c0033.png -> new_delhi/after/Images/after_tile_r0024_c0033.png
INFO:app.dda.tree.image_service:Uploaded after_tile_r0024_c0034.png -> new_delhi/after/Images/after_tile_r0024_c0034.png
INFO:app.dda.tree.image_service:Uploaded after_tile_r0024_c0035.png -> new_delhi/after/Images/after_tile_r0024_c0035.png
INFO:app.dda.tree.image_service:Uploaded after_tile_r0024_c0036.png -> new_delhi/after/Images/after_tile_r0024_c0036.png
INFO:app.dda.tree.image_service:Uploaded after_tile_r0024_c0037.png -> new_delhi/after/Images/after_tile_r0024_c0037.png
INFO:app.dda.tree.image_service:Uploaded after_tile_r0024_c0038.png -> new_delhi/after/Images/after_tile_r0024_c0038.png
INFO:app.dda.tree.image_service:Uploaded after_tile_r0024_c0039.png -> new_delhi/after/Images/after_tile_r0024_c0039.png
INFO:app.dda.tree.image_service:Uploaded after_tile_r0024_c0040.png -> new_delhi/after/Images/after_tile_r0024_c0040.png
INFO:app.dda.tree.image_service:Uploaded after_tile_r0024_c0041.png -> new_delhi/after/Images/after_tile_r0024_c0041.png
INFO:app.dda.tree.image_service:Uploaded after_tile_r0024_c0042.png -> new_delhi/after/Images/after_tile_r0024_c0042.png
INFO:app.dda.tree.image_service:Uploaded after_tile_r0024_c0043.png -> new_delhi/after/Images/after_tile_r0024_c0043.png
INFO:app.dda.tree.image_service:Uploaded after_tile_r0024_c0044.png -> new_delhi/after/Images/after_tile_r0024_c0044.png
INFO:app.dda.tree.image_service:Uploaded after_tile_r0024_c0045.png -> new_delhi/after/Images/after_tile_r0024_c0045.png
INFO:app.dda.tree.image_service:Uploaded after_tile_r0024_c0046.png -> new_delhi/after/Images/after_tile_r0024_c0046.png
INFO:app.dda.tree.image_service:Uploaded after_tile_r0024_c0047.png -> new_delhi/after/Images/after_tile_r0024_c0047.png
INFO:app.dda.tree.image_service:Uploaded after_tile_r0024_c0048.png -> new_delhi/after/Images/after_tile_r0024_c0048.png
INFO:app.dda.tree.image_service:Uploaded after_tile_r0024_c0049.png -> new_delhi/after/Images/after_tile_r0024_c0049.png
INFO:app.dda.tree.image_service:Uploaded after_tile_r0024_c0050.png -> new_delhi/after/Images/after_tile_r0024_c0050.png
INFO:app.dda.tree.image_service:Uploaded after_tile_r0024_c0051.png -> new_delhi/after/Images/after_tile_r0024_c0051.png
INFO:app.dda.tree.image_service:Uploaded after_tile_r0024_c0052.png -> new_delhi/after/Images/after_tile_r0024_c0052.png
INFO:app.dda.tree.image_service:Uploaded after_tile_r0024_c0053.png -> new_delhi/after/Images/after_tile_r0024_c0053.png
INFO:app.dda.tree.image_service:Uploaded after_tile_r0024_c0054.png -> new_delhi/after/Images/after_tile_r0024_c0054.png
INFO:app.dda.tree.image_service:Uploaded after_tile_r0024_c0055.png -> new_delhi/after/Images/after_tile_r0024_c0055.png
INFO:app.dda.tree.image_service:Uploaded after_tile_r0024_c0056.png -> new_delhi/after/Images/after_tile_r0024_c0056.png
INFO:app.dda.tree.image_service:Uploaded after_tile_r0024_c0057.png -> new_delhi/after/Images/after_tile_r0024_c0057.png
INFO:app.dda.tree.image_service:Uploaded after_tile_r0024_c0058.png -> new_delhi/after/Images/after_tile_r0024_c0058.png
INFO:app.dda.tree.image_service:Uploaded after_tile_r0024_c0059.png -> new_delhi/after/Images/after_tile_r0024_c0059.png
INFO:app.dda.tree.image_service:Uploaded after_tile_r0024_c0060.png -> new_delhi/after/Images/after_tile_r0024_c0060.png
INFO:app.dda.tree.image_service:Uploaded after_tile_r0024_c0061.png -> new_delhi/after/Images/after_tile_r0024_c0061.png
INFO:app.dda.tree.image_service:Uploaded after_tile_r0024_c0062.png -> new_delhi/after/Images/after_tile_r0024_c0062.png
INFO:app.dda.tree.image_service:Uploaded after_tile_r0024_c0063.png -> new_delhi/after/Images/after_tile_r0024_c0063.png
INFO:app.dda.tree.image_service:Uploaded after_tile_r0024_c0064.png -> new_delhi/after/Images/after_tile_r0024_c0064.png
INFO:app.dda.tree.image_service:Uploaded after_tile_r0024_c0065.png -> new_delhi/after/Images/after_tile_r0024_c0065.png
INFO:app.dda.tree.image_service:Uploaded after_tile_r0024_c0066.png -> new_delhi/after/Images/after_tile_r0024_c0066.png
INFO:app.dda.tree.image_service:Uploaded after_tile_r0024_c0067.png -> new_delhi/after/Images/after_tile_r0024_c0067.png
INFO:app.dda.tree.image_service:Uploaded after_tile_r0024_c0068.png -> new_delhi/after/Images/after_tile_r0024_c0068.png
INFO:app.dda.tree.image_service:Uploaded after_tile_r0024_c0069.png -> new_delhi/after/Images/after_tile_r0024_c0069.png
INFO:app.dda.tree.image_service:Uploaded after_tile_r0024_c0070.png -> new_delhi/after/Images/after_tile_r0024_c0070.png
INFO:app.dda.tree.image_service:Uploaded after_tile_r0024_c0071.png -> new_delhi/after/Images/after_tile_r0024_c0071.png
INFO:app.dda.tree.image_service:Uploaded after_tile_r0024_c0072.png -> new_delhi/after/Images/after_tile_r0024_c0072.png
INFO:app.dda.tree.image_service:Uploaded after_tile_r0024_c0073.png -> new_delhi/after/Images/after_tile_r0024_c0073.png
INFO:app.dda.tree.image_service:Uploaded after_tile_r0024_c0074.png -> new_delhi/after/Images/after_tile_r0024_c0074.png
INFO:app.dda.tree.image_service:Uploaded after_tile_r0024_c0075.png -> new_delhi/after/Images/after_tile_r0024_c0075.png
INFO:app.dda.tree.image_service:Uploaded after_tile_r0024_c0076.png -> new_delhi/after/Images/after_tile_r0024_c0076.png
INFO:app.dda.tree.image_service:Uploaded after_tile_r0024_c0077.png -> new_delhi/after/Images/after_tile_r0024_c0077.png
INFO:app.dda.tree.image_service:Uploaded after_tile_r0024_c0078.png -> new_delhi/after/Images/after_tile_r0024_c0078.png
INFO:app.dda.tree.image_service:Uploaded after_tile_r0024_c0079.png -> new_delhi/after/Images/after_tile_r0024_c0079.png
INFO:app.dda.tree.image_service:Uploaded after_tile_r0024_c0080.png -> new_delhi/after/Images/after_tile_r0024_c0080.png
INFO:app.dda.tree.image_service:Uploaded after_tile_r0024_c0081.png -> new_delhi/after/Images/after_tile_r0024_c0081.png
INFO:app.dda.tree.image_service:Uploaded after_tile_r0024_c0082.png -> new_delhi/after/Images/after_tile_r0024_c0082.png
INFO:app.dda.tree.image_service:Uploaded after_tile_r0024_c0083.png -> new_delhi/after/Images/after_tile_r0024_c0083.png
INFO:app.dda.tree.image_service:Uploaded after_tile_r0024_c0084.png -> new_delhi/after/Images/after_tile_r0024_c0084.png
INFO:app.dda.tree.image_service:Uploaded after_tile_r0024_c0085.png -> new_delhi/after/Images/after_tile_r0024_c0085.png
INFO:app.dda.tree.image_service:Uploaded after_tile_r0024_c0086.png -> new_delhi/after/Images/after_tile_r0024_c0086.png
INFO:app.dda.tree.image_service:Uploaded after_tile_r0024_c0087.png -> new_delhi/after/Images/after_tile_r0024_c0087.png
INFO:app.dda.tree.image_service:Uploaded after_tile_r0024_c0088.png -> new_delhi/after/Images/after_tile_r0024_c0088.png
INFO:app.dda.tree.image_service:Uploaded after_tile_r0024_c0089.png -> new_delhi/after/Images/after_tile_r0024_c0089.png
INFO:app.dda.tree.image_service:Uploaded after_tile_r0024_c0090.png -> new_delhi/after/Images/after_tile_r0024_c0090.png
INFO:app.dda.tree.image_service:Uploaded after_tile_r0024_c0091.png -> new_delhi/after/Images/after_tile_r0024_c0091.png
INFO:app.dda.tree.sync_service:Indexed image from disk: new_delhi/after/Images/after_tile_r0019_c0013.png
ERROR:app.dda.local_routes:Filesystem rescan failed
Traceback (most recent call last):
  File "C:\Users\Priyanka\source\repos\Change-Detection-DEV\venv\Lib\site-packages\sqlalchemy\engine\base.py", line 1969, in _exec_single_context
    self.dialect.do_execute(
  File "C:\Users\Priyanka\source\repos\Change-Detection-DEV\venv\Lib\site-packages\sqlalchemy\engine\default.py", line 952, in do_execute
    cursor.execute(statement, parameters)
  File "C:\Users\Priyanka\source\repos\Change-Detection-DEV\venv\Lib\site-packages\pymysql\cursors.py", line 159, in execute
    result = self._query(query)
             ^^^^^^^^^^^^^^^^^^
  File "C:\Users\Priyanka\source\repos\Change-Detection-DEV\venv\Lib\site-packages\pymysql\cursors.py", line 330, in _query
    conn.query(q)
  File "C:\Users\Priyanka\source\repos\Change-Detection-DEV\venv\Lib\site-packages\pymysql\connections.py", line 582, in query
    self._affected_rows = self._read_query_result(unbuffered=unbuffered)
                          ^^^^^^^^^^^^^^^^^^^^^^^^^^^^^^^^^^^^^^^^^^^^^^
  File "C:\Users\Priyanka\source\repos\Change-Detection-DEV\venv\Lib\site-packages\pymysql\connections.py", line 847, in _read_query_result
    result.read()
  File "C:\Users\Priyanka\source\repos\Change-Detection-DEV\venv\Lib\site-packages\pymysql\connections.py", line 1245, in read
    first_packet = self.connection._read_packet()
                   ^^^^^^^^^^^^^^^^^^^^^^^^^^^^^^
  File "C:\Users\Priyanka\source\repos\Change-Detection-DEV\venv\Lib\site-packages\pymysql\connections.py", line 772, in _read_packet
    packet_header = self._read_bytes(4)
                    ^^^^^^^^^^^^^^^^^^^
  File "C:\Users\Priyanka\source\repos\Change-Detection-DEV\venv\Lib\site-packages\pymysql\connections.py", line 826, in _read_bytes
    raise err.OperationalError(
pymysql.err.OperationalError: (2013, 'Lost connection to MySQL server during query')

The above exception was the direct cause of the following exception:

Traceback (most recent call last):
  File "C:\Users\Priyanka\source\repos\Change-Detection-DEV\app\dda\local_routes.py", line 296, in local_rescan
    sync_stats = sync_from_filesystem(db)
                 ^^^^^^^^^^^^^^^^^^^^^^^^
  File "C:\Users\Priyanka\source\repos\Change-Detection-DEV\app\dda\tree\sync_service.py", line 316, in sync_from_filesystem
    _sync_directory(db, root, "", stats)
  File "C:\Users\Priyanka\source\repos\Change-Detection-DEV\app\dda\tree\sync_service.py", line 299, in _sync_directory
    _sync_directory(db, child, child_rel, stats)
  File "C:\Users\Priyanka\source\repos\Change-Detection-DEV\app\dda\tree\sync_service.py", line 299, in _sync_directory
    _sync_directory(db, child, child_rel, stats)
  File "C:\Users\Priyanka\source\repos\Change-Detection-DEV\app\dda\tree\sync_service.py", line 279, in _sync_directory
    if _index_image_file(db, node, f, rel_file, stats):
       ^^^^^^^^^^^^^^^^^^^^^^^^^^^^^^^^^^^^^^^^^^^^^^^
  File "C:\Users\Priyanka\source\repos\Change-Detection-DEV\app\dda\tree\sync_service.py", line 173, in _index_image_file
    existing = db.query(ImageLibrary).filter(ImageLibrary.file_path == rel_file).first()
               ^^^^^^^^^^^^^^^^^^^^^^^^^^^^^^^^^^^^^^^^^^^^^^^^^^^^^^^^^^^^^^^^^^^^^^^^^
  File "C:\Users\Priyanka\source\repos\Change-Detection-DEV\venv\Lib\site-packages\sqlalchemy\orm\query.py", line 2766, in first
    return self.limit(1)._iter().first()  # type: ignore
           ^^^^^^^^^^^^^^^^^^^^^
  File "C:\Users\Priyanka\source\repos\Change-Detection-DEV\venv\Lib\site-packages\sqlalchemy\orm\query.py", line 2864, in _iter
    result: Union[ScalarResult[_T], Result[_T]] = self.session.execute(
                                                  ^^^^^^^^^^^^^^^^^^^^^
  File "C:\Users\Priyanka\source\repos\Change-Detection-DEV\venv\Lib\site-packages\sqlalchemy\orm\session.py", line 2373, in execute
    return self._execute_internal(
           ^^^^^^^^^^^^^^^^^^^^^^^
  File "C:\Users\Priyanka\source\repos\Change-Detection-DEV\venv\Lib\site-packages\sqlalchemy\orm\session.py", line 2271, in _execute_internal
    result: Result[Any] = compile_state_cls.orm_execute_statement(
                          ^^^^^^^^^^^^^^^^^^^^^^^^^^^^^^^^^^^^^^^^
  File "C:\Users\Priyanka\source\repos\Change-Detection-DEV\venv\Lib\site-packages\sqlalchemy\orm\context.py", line 306, in orm_execute_statement
    result = conn.execute(
             ^^^^^^^^^^^^^
  File "C:\Users\Priyanka\source\repos\Change-Detection-DEV\venv\Lib\site-packages\sqlalchemy\engine\base.py", line 1421, in execute
    return meth(
           ^^^^^
  File "C:\Users\Priyanka\source\repos\Change-Detection-DEV\venv\Lib\site-packages\sqlalchemy\sql\elements.py", line 526, in _execute_on_connection
    return connection._execute_clauseelement(
           ^^^^^^^^^^^^^^^^^^^^^^^^^^^^^^^^^^
  File "C:\Users\Priyanka\source\repos\Change-Detection-DEV\venv\Lib\site-packages\sqlalchemy\engine\base.py", line 1643, in _execute_clauseelement
    ret = self._execute_context(
          ^^^^^^^^^^^^^^^^^^^^^^
  File "C:\Users\Priyanka\source\repos\Change-Detection-DEV\venv\Lib\site-packages\sqlalchemy\engine\base.py", line 1848, in _execute_context
    return self._exec_single_context(
           ^^^^^^^^^^^^^^^^^^^^^^^^^^
  File "C:\Users\Priyanka\source\repos\Change-Detection-DEV\venv\Lib\site-packages\sqlalchemy\engine\base.py", line 1988, in _exec_single_context
    self._handle_dbapi_exception(
  File "C:\Users\Priyanka\source\repos\Change-Detection-DEV\venv\Lib\site-packages\sqlalchemy\engine\base.py", line 2365, in _handle_dbapi_exception
    raise sqlalchemy_exception.with_traceback(exc_info[2]) from e
  File "C:\Users\Priyanka\source\repos\Change-Detection-DEV\venv\Lib\site-packages\sqlalchemy\engine\base.py", line 1969, in _exec_single_context
    self.dialect.do_execute(
  File "C:\Users\Priyanka\source\repos\Change-Detection-DEV\venv\Lib\site-packages\sqlalchemy\engine\default.py", line 952, in do_execute
    cursor.execute(statement, parameters)
  File "C:\Users\Priyanka\source\repos\Change-Detection-DEV\venv\Lib\site-packages\pymysql\cursors.py", line 159, in execute
    result = self._query(query)
             ^^^^^^^^^^^^^^^^^^
  File "C:\Users\Priyanka\source\repos\Change-Detection-DEV\venv\Lib\site-packages\pymysql\cursors.py", line 330, in _query
    conn.query(q)
  File "C:\Users\Priyanka\source\repos\Change-Detection-DEV\venv\Lib\site-packages\pymysql\connections.py", line 582, in query
    self._affected_rows = self._read_query_result(unbuffered=unbuffered)
                          ^^^^^^^^^^^^^^^^^^^^^^^^^^^^^^^^^^^^^^^^^^^^^^
  File "C:\Users\Priyanka\source\repos\Change-Detection-DEV\venv\Lib\site-packages\pymysql\connections.py", line 847, in _read_query_result
    result.read()
  File "C:\Users\Priyanka\source\repos\Change-Detection-DEV\venv\Lib\site-packages\pymysql\connections.py", line 1245, in read
    first_packet = self.connection._read_packet()
                   ^^^^^^^^^^^^^^^^^^^^^^^^^^^^^^
  File "C:\Users\Priyanka\source\repos\Change-Detection-DEV\venv\Lib\site-packages\pymysql\connections.py", line 772, in _read_packet
    packet_header = self._read_bytes(4)
                    ^^^^^^^^^^^^^^^^^^^
  File "C:\Users\Priyanka\source\repos\Change-Detection-DEV\venv\Lib\site-packages\pymysql\connections.py", line 826, in _read_bytes
    raise err.OperationalError(
sqlalchemy.exc.OperationalError: (pymysql.err.OperationalError) (2013, 'Lost connection to MySQL server during query')
[SQL: SELECT dda_image_library.id AS dda_image_library_id, dda_image_library.node_id AS dda_image_library_node_id, dda_image_library.image_name AS dda_image_library_image_name, dda_image_library.image_type AS dda_image_library_image_type, dda_image_library.file_path AS dda_image_library_file_path, dda_image_library.capture_date AS dda_image_library_capture_date, dda_image_library.uploaded_by AS dda_image_library_uploaded_by, dda_image_library.uploaded_on AS dda_image_library_uploaded_on, dda_image_library.file_size_bytes AS dda_image_library_file_size_bytes, dda_image_library.thumb_cache_key AS dda_image_library_thumb_cache_key, dda_image_library.width AS dda_image_library_width, dda_image_library.height AS dda_image_library_height, dda_image_library.has_georef AS dda_image_library_has_georef, dda_image_library.bounds_json AS dda_image_library_bounds_json, dda_image_library.format AS dda_image_library_format 
FROM dda_image_library 
WHERE dda_image_library.file_path = %(file_path_1)s 
 LIMIT %(param_1)s]
[parameters: {'file_path_1': 'new_delhi/before/Images/before_tile_r0016_c0084.png', 'param_1': 1}]
(Background on this error at: https://sqlalche.me/e/20/e3q8)
